-2.366477056072666892e+05,-2.366477056072666892e+05,-2.362812879094037344e+05,-2.362812879094037344e+05,-2.360897250707669300e+05,-2.360897250707669300e+05,-2.360021337412236899e+05,-2.360021337412236899e+05,-2.359561920185112103e+05,-2.359561920185112103e+05,-2.359134820238157117e+05,-2.359134820238157117e+05,-2.358741871459991671e+05,-2.358741871459991671e+05,-2.358525469831920054e+05,-2.358525469831920054e+05,-2.358247611102235678e+05,-2.358247611102235678e+05,-2.358102441966592451e+05,-2.358102441966592451e+05,-2.357981401761535381e+05,-2.357981401761535381e+05,nan,nan,nan,nan,nan,nan,nan,nan,nan,nan,nan,nan,nan,nan,nan,nan,nan,nan,nan,nan,nan,nan,nan,nan,nan,nan,nan,nan,nan,nan,nan,nan,nan,nan,nan,nan,nan,nan,nan,nan,nan,nan,nan,nan,nan,nan,nan,nan,nan,nan,nan,nan,nan,nan,nan,nan,nan,nan,nan,nan,nan,nan,nan,nan,nan,nan,nan,nan,nan,nan,nan,nan,nan,nan,nan,nan,nan,nan
-2.366490098903679755e+05,-2.366490098903679755e+05,-2.362892031612492574e+05,-2.362892031612492574e+05,-2.361027529078550579e+05,-2.361027529078550579e+05,-2.360073071523418475e+05,-2.360073071523418475e+05,-2.359606094396816334e+05,-2.359606094396816334e+05,-2.359173147568795248e+05,-2.359173147568795248e+05,-2.358773844843583356e+05,-2.358773844843583356e+05,-2.358553587660956837e+05,-2.358553587660956837e+05,-2.358272060709800280e+05,-2.358272060709800280e+05,-2.358125705465282081e+05,-2.358125705465282081e+05,-2.358001892987333413e+05,-2.358001892987333413e+05,nan,nan,nan,nan,nan,nan,nan,nan,nan,nan,nan,nan,nan,nan,nan,nan,nan,nan,nan,nan,nan,nan,nan,nan,nan,nan,nan,nan,nan,nan,nan,nan,nan,nan,nan,nan,nan,nan,nan,nan,nan,nan,nan,nan,nan,nan,nan,nan,nan,nan,nan,nan,nan,nan,nan,nan,nan,nan,nan,nan,nan,nan,nan,nan,nan,nan,nan,nan,nan,nan,nan,nan,nan,nan,nan,nan,nan,nan
-2.366521497808590357e+05,-2.366521497808590357e+05,-2.362936278892976115e+05,-2.362936278892976115e+05,-2.361362947203945077e+05,-2.361362947203945077e+05,-2.360133781147885311e+05,-2.360133781147885311e+05,-2.359618905555164092e+05,-2.359618905555164092e+05,-2.359178143261269433e+05,-2.359178143261269433e+05,-2.358766291140257381e+05,-2.358766291140257381e+05,-2.358546910170342308e+05,-2.358546910170342308e+05,-2.358268560547852830e+05,-2.358268560547852830e+05,-2.358118841942217259e+05,-2.358118841942217259e+05,-2.357993851836796675e+05,-2.357993851836796675e+05,nan,nan,nan,nan,nan,nan,nan,nan,nan,nan,nan,nan,nan,nan,nan,nan,nan,nan,nan,nan,nan,nan,nan,nan,nan,nan,nan,nan,nan,nan,nan,nan,nan,nan,nan,nan,nan,nan,nan,nan,nan,nan,nan,nan,nan,nan,nan,nan,nan,nan,nan,nan,nan,nan,nan,nan,nan,nan,nan,nan,nan,nan,nan,nan,nan,nan,nan,nan,nan,nan,nan,nan,nan,nan,nan,nan,nan,nan
-2.367101521009414573e+05,-2.367101521009414573e+05,-2.362854765780702000e+05,-2.362854765780702000e+05,-2.360906119153805485e+05,-2.360906119153805485e+05,-2.360056950696062413e+05,-2.360056950696062413e+05,-2.359597070324832166e+05,-2.359597070324832166e+05,-2.359168219568463974e+05,-2.359168219568463974e+05,-2.358768751893821172e+05,-2.358768751893821172e+05,-2.358548678193253290e+05,-2.358548678193253290e+05,-2.358267364284708165e+05,-2.358267364284708165e+05,-2.358116525183735939e+05,-2.358116525183735939e+05,-2.357990583086870902e+05,-2.357990583086870902e+05,nan,nan,nan,nan,nan,nan,nan,nan,nan,nan,nan,nan,nan,nan,nan,nan,nan,nan,nan,nan,nan,nan,nan,nan,nan,nan,nan,nan,nan,nan,nan,nan,nan,nan,nan,nan,nan,nan,nan,nan,nan,nan,nan,nan,nan,nan,nan,nan,nan,nan,nan,nan,nan,nan,nan,nan,nan,nan,nan,nan,nan,nan,nan,nan,nan,nan,nan,nan,nan,nan,nan,nan,nan,nan,nan,nan,nan,nan
-2.366843878652986314e+05,-2.366843878652986314e+05,-2.362518876120320347e+05,-2.362518876120320347e+05,-2.360713919871669787e+05,-2.360713919871669787e+05,-2.360027893116833584e+05,-2.360027893116833584e+05,-2.359577903749809193e+05,-2.359577903749809193e+05,-2.359146436189232918e+05,-2.359146436189232918e+05,-2.358746621794671228e+05,-2.358746621794671228e+05,-2.358525171734277974e+05,-2.358525171734277974e+05,-2.358242258719410456e+05,-2.358242258719410456e+05,-2.358087713274475827e+05,-2.358087713274475827e+05,-2.357957956368606829e+05,-2.357957956368606829e+05,nan,nan,nan,nan,nan,nan,nan,nan,nan,nan,nan,nan,nan,nan,nan,nan,nan,nan,nan,nan,nan,nan,nan,nan,nan,nan,nan,nan,nan,nan,nan,nan,nan,nan,nan,nan,nan,nan,nan,nan,nan,nan,nan,nan,nan,nan,nan,nan,nan,nan,nan,nan,nan,nan,nan,nan,nan,nan,nan,nan,nan,nan,nan,nan,nan,nan,nan,nan,nan,nan,nan,nan,nan,nan,nan,nan,nan,nan
-2.366312281039874069e+05,-2.366312281039874069e+05,-2.362645714612035663e+05,-2.362645714612035663e+05,-2.360822763392654306e+05,-2.360822763392654306e+05,-2.360057635281630501e+05,-2.360057635281630501e+05,-2.359592566675400012e+05,-2.359592566675400012e+05,-2.359176990693199332e+05,-2.359176990693199332e+05,-2.358778229563139903e+05,-2.358778229563139903e+05,-2.358545762291282881e+05,-2.358545762291282881e+05,-2.358261034503646661e+05,-2.358261034503646661e+05,-2.358110747370594763e+05,-2.358110747370594763e+05,-2.357985500001140172e+05,-2.357985500001140172e+05,nan,nan,nan,nan,nan,nan,nan,nan,nan,nan,nan,nan,nan,nan,nan,nan,nan,nan,nan,nan,nan,nan,nan,nan,nan,nan,nan,nan,nan,nan,nan,nan,nan,nan,nan,nan,nan,nan,nan,nan,nan,nan,nan,nan,nan,nan,nan,nan,nan,nan,nan,nan,nan,nan,nan,nan,nan,nan,nan,nan,nan,nan,nan,nan,nan,nan,nan,nan,nan,nan,nan,nan,nan,nan,nan,nan,nan,nan
-2.366516251205994922e+05,-2.366516251205994922e+05,-2.362519308399943984e+05,-2.362519308399943984e+05,-2.360733493280736730e+05,-2.360733493280736730e+05,-2.360033907838439918e+05,-2.360033907838439918e+05,-2.359580816722777090e+05,-2.359580816722777090e+05,-2.359170751706061128e+05,-2.359170751706061128e+05,-2.358772288332273019e+05,-2.358772288332273019e+05,-2.358535623693142843e+05,-2.358535623693142843e+05,-2.358247640230593970e+05,-2.358247640230593970e+05,-2.358092616308967699e+05,-2.358092616308967699e+05,-2.357969095977272664e+05,-2.357969095977272664e+05,nan,nan,nan,nan,nan,nan,nan,nan,nan,nan,nan,nan,nan,nan,nan,nan,nan,nan,nan,nan,nan,nan,nan,nan,nan,nan,nan,nan,nan,nan,nan,nan,nan,nan,nan,nan,nan,nan,nan,nan,nan,nan,nan,nan,nan,nan,nan,nan,nan,nan,nan,nan,nan,nan,nan,nan,nan,nan,nan,nan,nan,nan,nan,nan,nan,nan,nan,nan,nan,nan,nan,nan,nan,nan,nan,nan,nan,nan
-2.366452749528416025e+05,-2.366452749528416025e+05,-2.362901533649509365e+05,-2.362901533649509365e+05,-2.360937570165006910e+05,-2.360937570165006910e+05,-2.360052468494107598e+05,-2.360052468494107598e+05,-2.359585651695056004e+05,-2.359585651695056004e+05,-2.359171226493628346e+05,-2.359171226493628346e+05,-2.358773440481534635e+05,-2.358773440481534635e+05,-2.358543493466709042e+05,-2.358543493466709042e+05,-2.358261238525375957e+05,-2.358261238525375957e+05,-2.358111968493498280e+05,-2.358111968493498280e+05,-2.357987833801358065e+05,-2.357987833801358065e+05,nan,nan,nan,nan,nan,nan,nan,nan,nan,nan,nan,nan,nan,nan,nan,nan,nan,nan,nan,nan,nan,nan,nan,nan,nan,nan,nan,nan,nan,nan,nan,nan,nan,nan,nan,nan,nan,nan,nan,nan,nan,nan,nan,nan,nan,nan,nan,nan,nan,nan,nan,nan,nan,nan,nan,nan,nan,nan,nan,nan,nan,nan,nan,nan,nan,nan,nan,nan,nan,nan,nan,nan,nan,nan,nan,nan,nan,nan
-2.366886099613223632e+05,-2.366886099613223632e+05,-2.362697031025794568e+05,-2.362697031025794568e+05,-2.360809134455652675e+05,-2.360809134455652675e+05,-2.360050194235916133e+05,-2.360050194235916133e+05,-2.359585944487907400e+05,-2.359585944487907400e+05,-2.359153443931305956e+05,-2.359153443931305956e+05,-2.358756665164751466e+05,-2.358756665164751466e+05,-2.358538328047252144e+05,-2.358538328047252144e+05,-2.358258117007811670e+05,-2.358258117007811670e+05,-2.358109636821344611e+05,-2.358109636821344611e+05,-2.357984309701423917e+05,-2.357984309701423917e+05,nan,nan,nan,nan,nan,nan,nan,nan,nan,nan,nan,nan,nan,nan,nan,nan,nan,nan,nan,nan,nan,nan,nan,nan,nan,nan,nan,nan,nan,nan,nan,nan,nan,nan,nan,nan,nan,nan,nan,nan,nan,nan,nan,nan,nan,nan,nan,nan,nan,nan,nan,nan,nan,nan,nan,nan,nan,nan,nan,nan,nan,nan,nan,nan,nan,nan,nan,nan,nan,nan,nan,nan,nan,nan,nan,nan,nan,nan
-2.366684971559547412e+05,-2.366684971559547412e+05,-2.362870528292050294e+05,-2.362870528292050294e+05,-2.361311704715719679e+05,-2.361311704715719679e+05,-2.360134259648525913e+05,-2.360134259648525913e+05,-2.359622242336579657e+05,-2.359622242336579657e+05,-2.359201360452637600e+05,-2.359201360452637600e+05,-2.358792903389080311e+05,-2.358792903389080311e+05,-2.358560890353248105e+05,-2.358560890353248105e+05,-2.358278130314896116e+05,-2.358278130314896116e+05,-2.358127752419946773e+05,-2.358127752419946773e+05,-2.358009215220954793e+05,-2.358009215220954793e+05,nan,nan,nan,nan,nan,nan,nan,nan,nan,nan,nan,nan,nan,nan,nan,nan,nan,nan,nan,nan,nan,nan,nan,nan,nan,nan,nan,nan,nan,nan,nan,nan,nan,nan,nan,nan,nan,nan,nan,nan,nan,nan,nan,nan,nan,nan,nan,nan,nan,nan,nan,nan,nan,nan,nan,nan,nan,nan,nan,nan,nan,nan,nan,nan,nan,nan,nan,nan,nan,nan,nan,nan,nan,nan,nan,nan,nan,nan
-2.366262694119977823e+05,-2.366262694119977823e+05,-2.362620333373151661e+05,-2.362620333373151661e+05,-2.360818432205998979e+05,-2.360818432205998979e+05,-2.360071562225052621e+05,-2.360071562225052621e+05,-2.359604644420632685e+05,-2.359604644420632685e+05,-2.359186611522577878e+05,-2.359186611522577878e+05,-2.358789021908762807e+05,-2.358789021908762807e+05,-2.358557484173707198e+05,-2.358557484173707198e+05,-2.358271038519581489e+05,-2.358271038519581489e+05,-2.358120686800832627e+05,-2.358120686800832627e+05,-2.357993166315009585e+05,-2.357993166315009585e+05,nan,nan,nan,nan,nan,nan,nan,nan,nan,nan,nan,nan,nan,nan,nan,nan,nan,nan,nan,nan,nan,nan,nan,nan,nan,nan,nan,nan,nan,nan,nan,nan,nan,nan,nan,nan,nan,nan,nan,nan,nan,nan,nan,nan,nan,nan,nan,nan,nan,nan,nan,nan,nan,nan,nan,nan,nan,nan,nan,nan,nan,nan,nan,nan,nan,nan,nan,nan,nan,nan,nan,nan,nan,nan,nan,nan,nan,nan
-2.366626127547484648e+05,-2.366626127547484648e+05,-2.362665685004774714e+05,-2.362665685004774714e+05,-2.361190611807570385e+05,-2.361190611807570385e+05,-2.360089966591286939e+05,-2.360089966591286939e+05,-2.359622893078118504e+05,-2.359622893078118504e+05,-2.359186613371542771e+05,-2.359186613371542771e+05,-2.358787021982452425e+05,-2.358787021982452425e+05,-2.358565776830709074e+05,-2.358565776830709074e+05,-2.358283328111744777e+05,-2.358283328111744777e+05,-2.358131782452590705e+05,-2.358131782452590705e+05,-2.358003443556951242e+05,-2.358003443556951242e+05,nan,nan,nan,nan,nan,nan,nan,nan,nan,nan,nan,nan,nan,nan,nan,nan,nan,nan,nan,nan,nan,nan,nan,nan,nan,nan,nan,nan,nan,nan,nan,nan,nan,nan,nan,nan,nan,nan,nan,nan,nan,nan,nan,nan,nan,nan,nan,nan,nan,nan,nan,nan,nan,nan,nan,nan,nan,nan,nan,nan,nan,nan,nan,nan,nan,nan,nan,nan,nan,nan,nan,nan,nan,nan,nan,nan,nan,nan
-2.366656361522881780e+05,-2.366656361522881780e+05,-2.362890007026650128e+05,-2.362890007026650128e+05,-2.361342715601205709e+05,-2.361342715601205709e+05,-2.360095573981990456e+05,-2.360095573981990456e+05,-2.359509760465864674e+05,-2.359509760465864674e+05,-2.359006373666870350e+05,-2.359006373666870350e+05,-2.358536020892713277e+05,-2.358536020892713277e+05,-2.358264471822602209e+05,-2.358264471822602209e+05,-2.357942437082772376e+05,-2.357942437082772376e+05,-2.357753954546761815e+05,-2.357753954546761815e+05,-2.357591742239337764e+05,-2.357591742239337764e+05,nan,nan,nan,nan,nan,nan,nan,nan,nan,nan,nan,nan,nan,nan,nan,nan,nan,nan,nan,nan,nan,nan,nan,nan,nan,nan,nan,nan,nan,nan,nan,nan,nan,nan,nan,nan,nan,nan,nan,nan,nan,nan,nan,nan,nan,nan,nan,nan,nan,nan,nan,nan,nan,nan,nan,nan,nan,nan,nan,nan,nan,nan,nan,nan,nan,nan,nan,nan,nan,nan,nan,nan,nan,nan,nan,nan,nan,nan
-2.366828406923454022e+05,-2.366828406923454022e+05,-2.362961338099836721e+05,-2.362961338099836721e+05,-2.361393136083145218e+05,-2.361393136083145218e+05,-2.360131113146853459e+05,-2.360131113146853459e+05,-2.359317412080347422e+05,-2.359317412080347422e+05,-2.358448897521705949e+05,-2.358448897521705949e+05,-2.357954779518350551e+05,-2.357954779518350551e+05,-2.357668432049371477e+05,-2.357668432049371477e+05,-2.357338322745758924e+05,-2.357338322745758924e+05,-2.357145562694854161e+05,-2.357145562694854161e+05,-2.356981507353927300e+05,-2.356981507353927300e+05,nan,nan,nan,nan,nan,nan,nan,nan,nan,nan,nan,nan,nan,nan,nan,nan,nan,nan,nan,nan,nan,nan,nan,nan,nan,nan,nan,nan,nan,nan,nan,nan,nan,nan,nan,nan,nan,nan,nan,nan,nan,nan,nan,nan,nan,nan,nan,nan,nan,nan,nan,nan,nan,nan,nan,nan,nan,nan,nan,nan,nan,nan,nan,nan,nan,nan,nan,nan,nan,nan,nan,nan,nan,nan,nan,nan,nan,nan
-2.367381415253516461e+05,-2.367381415253516461e+05,-2.362928395317849936e+05,-2.362928395317849936e+05,-2.360955558799153951e+05,-2.360955558799153951e+05,-2.360037494712560729e+05,-2.360037494712560729e+05,-2.359493424582964508e+05,-2.359493424582964508e+05,-2.359011182081543375e+05,-2.359011182081543375e+05,-2.358550409856362385e+05,-2.358550409856362385e+05,-2.358267610703370010e+05,-2.358267610703370010e+05,-2.357967680926736502e+05,-2.357967680926736502e+05,-2.357754065209620749e+05,-2.357754065209620749e+05,-2.357592530185515352e+05,-2.357592530185515352e+05,nan,nan,nan,nan,nan,nan,nan,nan,nan,nan,nan,nan,nan,nan,nan,nan,nan,nan,nan,nan,nan,nan,nan,nan,nan,nan,nan,nan,nan,nan,nan,nan,nan,nan,nan,nan,nan,nan,nan,nan,nan,nan,nan,nan,nan,nan,nan,nan,nan,nan,nan,nan,nan,nan,nan,nan,nan,nan,nan,nan,nan,nan,nan,nan,nan,nan,nan,nan,nan,nan,nan,nan,nan,nan,nan,nan,nan,nan
-2.366613525867506105e+05,-2.366613525867506105e+05,-2.362625683744089620e+05,-2.362625683744089620e+05,-2.360804863818722079e+05,-2.360804863818722079e+05,-2.359741702290208195e+05,-2.359741702290208195e+05,-2.359215877064506349e+05,-2.359215877064506349e+05,-2.358712860685174819e+05,-2.358712860685174819e+05,-2.358307757523313630e+05,-2.358307757523313630e+05,-2.358112877914277778e+05,-2.358112877914277778e+05,-2.357846807897661347e+05,-2.357846807897661347e+05,-2.357704217777122394e+05,-2.357704217777122394e+05,-2.357588364842317242e+05,-2.357588364842317242e+05,nan,nan,nan,nan,nan,nan,nan,nan,nan,nan,nan,nan,nan,nan,nan,nan,nan,nan,nan,nan,nan,nan,nan,nan,nan,nan,nan,nan,nan,nan,nan,nan,nan,nan,nan,nan,nan,nan,nan,nan,nan,nan,nan,nan,nan,nan,nan,nan,nan,nan,nan,nan,nan,nan,nan,nan,nan,nan,nan,nan,nan,nan,nan,nan,nan,nan,nan,nan,nan,nan,nan,nan,nan,nan,nan,nan,nan,nan
-2.367353549647364707e+05,-2.367353549647364707e+05,-2.362767522836804274e+05,-2.362767522836804274e+05,-2.360818354567883071e+05,-2.360818354567883071e+05,-2.360052061663913482e+05,-2.360052061663913482e+05,-2.359592051004036621e+05,-2.359592051004036621e+05,-2.359165916697646026e+05,-2.359165916697646026e+05,-2.358769648075093864e+05,-2.358769648075093864e+05,-2.358549939293871284e+05,-2.358549939293871284e+05,-2.358269048696654500e+05,-2.358269048696654500e+05,-2.358118807797396148e+05,-2.358118807797396148e+05,-2.358000575612716784e+05,-2.358000575612716784e+05,nan,nan,nan,nan,nan,nan,nan,nan,nan,nan,nan,nan,nan,nan,nan,nan,nan,nan,nan,nan,nan,nan,nan,nan,nan,nan,nan,nan,nan,nan,nan,nan,nan,nan,nan,nan,nan,nan,nan,nan,nan,nan,nan,nan,nan,nan,nan,nan,nan,nan,nan,nan,nan,nan,nan,nan,nan,nan,nan,nan,nan,nan,nan,nan,nan,nan,nan,nan,nan,nan,nan,nan,nan,nan,nan,nan,nan,nan
-2.366436208992336178e+05,-2.366436208992336178e+05,-2.362846518215803080e+05,-2.362846518215803080e+05,-2.361053953892310383e+05,-2.361053953892310383e+05,-2.360068559977186669e+05,-2.360068559977186669e+05,-2.359601226636500505e+05,-2.359601226636500505e+05,-2.359167498611176852e+05,-2.359167498611176852e+05,-2.358768966471093881e+05,-2.358768966471093881e+05,-2.358549116968856251e+05,-2.358549116968856251e+05,-2.358268501401084068e+05,-2.358268501401084068e+05,-2.358120039636995934e+05,-2.358120039636995934e+05,-2.357996281817936397e+05,-2.357996281817936397e+05,nan,nan,nan,nan,nan,nan,nan,nan,nan,nan,nan,nan,nan,nan,nan,nan,nan,nan,nan,nan,nan,nan,nan,nan,nan,nan,nan,nan,nan,nan,nan,nan,nan,nan,nan,nan,nan,nan,nan,nan,nan,nan,nan,nan,nan,nan,nan,nan,nan,nan,nan,nan,nan,nan,nan,nan,nan,nan,nan,nan,nan,nan,nan,nan,nan,nan,nan,nan,nan,nan,nan,nan,nan,nan,nan,nan,nan,nan
-2.366388969018915668e+05,-2.366388969018915668e+05,-2.362988873801809095e+05,-2.362988873801809095e+05,-2.360935842931593070e+05,-2.360935842931593070e+05,-2.360086537161269225e+05,-2.360086537161269225e+05,-2.359611012574858323e+05,-2.359611012574858323e+05,-2.359180941855077690e+05,-2.359180941855077690e+05,-2.358778711614858184e+05,-2.358778711614858184e+05,-2.358559137258591945e+05,-2.358559137258591945e+05,-2.358277140598709520e+05,-2.358277140598709520e+05,-2.358129424254010955e+05,-2.358129424254010955e+05,-2.358004825367689191e+05,-2.358004825367689191e+05,nan,nan,nan,nan,nan,nan,nan,nan,nan,nan,nan,nan,nan,nan,nan,nan,nan,nan,nan,nan,nan,nan,nan,nan,nan,nan,nan,nan,nan,nan,nan,nan,nan,nan,nan,nan,nan,nan,nan,nan,nan,nan,nan,nan,nan,nan,nan,nan,nan,nan,nan,nan,nan,nan,nan,nan,nan,nan,nan,nan,nan,nan,nan,nan,nan,nan,nan,nan,nan,nan,nan,nan,nan,nan,nan,nan,nan,nan
-2.366340792399932980e+05,-2.366340792399932980e+05,-2.362697332487369131e+05,-2.362697332487369131e+05,-2.360805810366175720e+05,-2.360805810366175720e+05,-2.360044382182548579e+05,-2.360044382182548579e+05,-2.359586784952205198e+05,-2.359586784952205198e+05,-2.359159651682320109e+05,-2.359159651682320109e+05,-2.358765217428499018e+05,-2.358765217428499018e+05,-2.358546921834122331e+05,-2.358546921834122331e+05,-2.358266417949268944e+05,-2.358266417949268944e+05,-2.358117906575039378e+05,-2.358117906575039378e+05,-2.357998668700311682e+05,-2.357998668700311682e+05,nan,nan,nan,nan,nan,nan,nan,nan,nan,nan,nan,nan,nan,nan,nan,nan,nan,nan,nan,nan,nan,nan,nan,nan,nan,nan,nan,nan,nan,nan,nan,nan,nan,nan,nan,nan,nan,nan,nan,nan,nan,nan,nan,nan,nan,nan,nan,nan,nan,nan,nan,nan,nan,nan,nan,nan,nan,nan,nan,nan,nan,nan,nan,nan,nan,nan,nan,nan,nan,nan,nan,nan,nan,nan,nan,nan,nan,nan
-2.366692897090989281e+05,-2.366692897090989281e+05,-2.362533260912461556e+05,-2.362533260912461556e+05,-2.360702541186040617e+05,-2.360702541186040617e+05,-2.360034753888059349e+05,-2.360034753888059349e+05,-2.359584011115762987e+05,-2.359584011115762987e+05,-2.359155686376141384e+05,-2.359155686376141384e+05,-2.358752563310044061e+05,-2.358752563310044061e+05,-2.358527284206009645e+05,-2.358527284206009645e+05,-2.358240241746894608e+05,-2.358240241746894608e+05,-2.358083619687762111e+05,-2.358083619687762111e+05,-2.357952314519890351e+05,-2.357952314519890351e+05,nan,nan,nan,nan,nan,nan,nan,nan,nan,nan,nan,nan,nan,nan,nan,nan,nan,nan,nan,nan,nan,nan,nan,nan,nan,nan,nan,nan,nan,nan,nan,nan,nan,nan,nan,nan,nan,nan,nan,nan,nan,nan,nan,nan,nan,nan,nan,nan,nan,nan,nan,nan,nan,nan,nan,nan,nan,nan,nan,nan,nan,nan,nan,nan,nan,nan,nan,nan,nan,nan,nan,nan,nan,nan,nan,nan,nan,nan
-2.366665834936652100e+05,-2.366665834936652100e+05,-2.362553793445167830e+05,-2.362553793445167830e+05,-2.360657769952887320e+05,-2.360657769952887320e+05,-2.359680031344511663e+05,-2.359680031344511663e+05,-2.359170035407059768e+05,-2.359170035407059768e+05,-2.358679258292167215e+05,-2.358679258292167215e+05,-2.358279174566351285e+05,-2.358279174566351285e+05,-2.358089787729539094e+05,-2.358089787729539094e+05,-2.357828021944475768e+05,-2.357828021944475768e+05,-2.357690817352744634e+05,-2.357690817352744634e+05,-2.357578164334541070e+05,-2.357578164334541070e+05,nan,nan,nan,nan,nan,nan,nan,nan,nan,nan,nan,nan,nan,nan,nan,nan,nan,nan,nan,nan,nan,nan,nan,nan,nan,nan,nan,nan,nan,nan,nan,nan,nan,nan,nan,nan,nan,nan,nan,nan,nan,nan,nan,nan,nan,nan,nan,nan,nan,nan,nan,nan,nan,nan,nan,nan,nan,nan,nan,nan,nan,nan,nan,nan,nan,nan,nan,nan,nan,nan,nan,nan,nan,nan,nan,nan,nan,nan
-2.367238930363901600e+05,-2.367238930363901600e+05,-2.363015101773962670e+05,-2.363015101773962670e+05,-2.361257641579984920e+05,-2.361257641579984920e+05,-2.360063696601440606e+05,-2.360063696601440606e+05,-2.359496603114701866e+05,-2.359496603114701866e+05,-2.359001567931417376e+05,-2.359001567931417376e+05,-2.358534985286723531e+05,-2.358534985286723531e+05,-2.358263416755592043e+05,-2.358263416755592043e+05,-2.357941736782033404e+05,-2.357941736782033404e+05,-2.357754264773665345e+05,-2.357754264773665345e+05,-2.357598759634415328e+05,-2.357598759634415328e+05,nan,nan,nan,nan,nan,nan,nan,nan,nan,nan,nan,nan,nan,nan,nan,nan,nan,nan,nan,nan,nan,nan,nan,nan,nan,nan,nan,nan,nan,nan,nan,nan,nan,nan,nan,nan,nan,nan,nan,nan,nan,nan,nan,nan,nan,nan,nan,nan,nan,nan,nan,nan,nan,nan,nan,nan,nan,nan,nan,nan,nan,nan,nan,nan,nan,nan,nan,nan,nan,nan,nan,nan,nan,nan,nan,nan,nan,nan
-2.365903282467419049e+05,-2.365903282467419049e+05,-2.362759371825038106e+05,-2.362759371825038106e+05,-2.361104275788827217e+05,-2.361104275788827217e+05,-2.360089494554083794e+05,-2.360089494554083794e+05,-2.359621138064350525e+05,-2.359621138064350525e+05,-2.359183905054509232e+05,-2.359183905054509232e+05,-2.358784011666437436e+05,-2.358784011666437436e+05,-2.358561834090733319e+05,-2.358561834090733319e+05,-2.358278285171630559e+05,-2.358278285171630559e+05,-2.358127531684122805e+05,-2.358127531684122805e+05,-2.358001491765609535e+05,-2.358001491765609535e+05,nan,nan,nan,nan,nan,nan,nan,nan,nan,nan,nan,nan,nan,nan,nan,nan,nan,nan,nan,nan,nan,nan,nan,nan,nan,nan,nan,nan,nan,nan,nan,nan,nan,nan,nan,nan,nan,nan,nan,nan,nan,nan,nan,nan,nan,nan,nan,nan,nan,nan,nan,nan,nan,nan,nan,nan,nan,nan,nan,nan,nan,nan,nan,nan,nan,nan,nan,nan,nan,nan,nan,nan,nan,nan,nan,nan,nan,nan
-2.366831258815514448e+05,-2.366831258815514448e+05,-2.362897360038037586e+05,-2.362897360038037586e+05,-2.360856215630681545e+05,-2.360856215630681545e+05,-2.360005549309262424e+05,-2.360005549309262424e+05,-2.359474852299568010e+05,-2.359474852299568010e+05,-2.358996313300147885e+05,-2.358996313300147885e+05,-2.358542523410868016e+05,-2.358542523410868016e+05,-2.358261511757770786e+05,-2.358261511757770786e+05,-2.357939549268730334e+05,-2.357939549268730334e+05,-2.357752077795056975e+05,-2.357752077795056975e+05,-2.357590072419795906e+05,-2.357590072419795906e+05,nan,nan,nan,nan,nan,nan,nan,nan,nan,nan,nan,nan,nan,nan,nan,nan,nan,nan,nan,nan,nan,nan,nan,nan,nan,nan,nan,nan,nan,nan,nan,nan,nan,nan,nan,nan,nan,nan,nan,nan,nan,nan,nan,nan,nan,nan,nan,nan,nan,nan,nan,nan,nan,nan,nan,nan,nan,nan,nan,nan,nan,nan,nan,nan,nan,nan,nan,nan,nan,nan,nan,nan,nan,nan,nan,nan,nan,nan
-2.366278364710891910e+05,-2.366278364710891910e+05,-2.362696700479704014e+05,-2.362696700479704014e+05,-2.361163678317088052e+05,-2.361163678317088052e+05,-2.360068249266170315e+05,-2.360068249266170315e+05,-2.359600422161538445e+05,-2.359600422161538445e+05,-2.359175628239286307e+05,-2.359175628239286307e+05,-2.358784860024623340e+05,-2.358784860024623340e+05,-2.358554126655311557e+05,-2.358554126655311557e+05,-2.358270047861222120e+05,-2.358270047861222120e+05,-2.358121316357614705e+05,-2.358121316357614705e+05,-2.357996812331911933e+05,-2.357996812331911933e+05,nan,nan,nan,nan,nan,nan,nan,nan,nan,nan,nan,nan,nan,nan,nan,nan,nan,nan,nan,nan,nan,nan,nan,nan,nan,nan,nan,nan,nan,nan,nan,nan,nan,nan,nan,nan,nan,nan,nan,nan,nan,nan,nan,nan,nan,nan,nan,nan,nan,nan,nan,nan,nan,nan,nan,nan,nan,nan,nan,nan,nan,nan,nan,nan,nan,nan,nan,nan,nan,nan,nan,nan,nan,nan,nan,nan,nan,nan
-2.366869565484560153e+05,-2.366869565484560153e+05,-2.362920561962163774e+05,-2.362920561962163774e+05,-2.360884198580530647e+05,-2.360884198580530647e+05,-2.360012244490838202e+05,-2.360012244490838202e+05,-2.359481966714405862e+05,-2.359481966714405862e+05,-2.358986576138974051e+05,-2.358986576138974051e+05,-2.358532174761790957e+05,-2.358532174761790957e+05,-2.358263205073617573e+05,-2.358263205073617573e+05,-2.357941842074152955e+05,-2.357941842074152955e+05,-2.357754902974611323e+05,-2.357754902974611323e+05,-2.357593896155064867e+05,-2.357593896155064867e+05,nan,nan,nan,nan,nan,nan,nan,nan,nan,nan,nan,nan,nan,nan,nan,nan,nan,nan,nan,nan,nan,nan,nan,nan,nan,nan,nan,nan,nan,nan,nan,nan,nan,nan,nan,nan,nan,nan,nan,nan,nan,nan,nan,nan,nan,nan,nan,nan,nan,nan,nan,nan,nan,nan,nan,nan,nan,nan,nan,nan,nan,nan,nan,nan,nan,nan,nan,nan,nan,nan,nan,nan,nan,nan,nan,nan,nan,nan
-2.367756162581782846e+05,-2.367756162581782846e+05,-2.362641073749516218e+05,-2.362641073749516218e+05,-2.360757702148416720e+05,-2.360757702148416720e+05,-2.360004888232694357e+05,-2.360004888232694357e+05,-2.359552624469683215e+05,-2.359552624469683215e+05,-2.359131009376335132e+05,-2.359131009376335132e+05,-2.358739266087166907e+05,-2.358739266087166907e+05,-2.358523738844182226e+05,-2.358523738844182226e+05,-2.358245995071625803e+05,-2.358245995071625803e+05,-2.358101635906335141e+05,-2.358101635906335141e+05,-2.357982455156542710e+05,-2.357982455156542710e+05,nan,nan,nan,nan,nan,nan,nan,nan,nan,nan,nan,nan,nan,nan,nan,nan,nan,nan,nan,nan,nan,nan,nan,nan,nan,nan,nan,nan,nan,nan,nan,nan,nan,nan,nan,nan,nan,nan,nan,nan,nan,nan,nan,nan,nan,nan,nan,nan,nan,nan,nan,nan,nan,nan,nan,nan,nan,nan,nan,nan,nan,nan,nan,nan,nan,nan,nan,nan,nan,nan,nan,nan,nan,nan,nan,nan,nan,nan
-2.366790765192612598e+05,-2.366790765192612598e+05,-2.362875822088251007e+05,-2.362875822088251007e+05,-2.361161135564681026e+05,-2.361161135564681026e+05,-2.360077286967713153e+05,-2.360077286967713153e+05,-2.359598635756864678e+05,-2.359598635756864678e+05,-2.359180064656815666e+05,-2.359180064656815666e+05,-2.358780272376806242e+05,-2.358780272376806242e+05,-2.358547912840913050e+05,-2.358547912840913050e+05,-2.358263315076012805e+05,-2.358263315076012805e+05,-2.358115590974332299e+05,-2.358115590974332299e+05,-2.357991146237288776e+05,-2.357991146237288776e+05,nan,nan,nan,nan,nan,nan,nan,nan,nan,nan,nan,nan,nan,nan,nan,nan,nan,nan,nan,nan,nan,nan,nan,nan,nan,nan,nan,nan,nan,nan,nan,nan,nan,nan,nan,nan,nan,nan,nan,nan,nan,nan,nan,nan,nan,nan,nan,nan,nan,nan,nan,nan,nan,nan,nan,nan,nan,nan,nan,nan,nan,nan,nan,nan,nan,nan,nan,nan,nan,nan,nan,nan,nan,nan,nan,nan,nan,nan
-2.366520745961595385e+05,-2.366520745961595385e+05,-2.362932477684137120e+05,-2.362932477684137120e+05,-2.361080410811293696e+05,-2.361080410811293696e+05,-2.360057418885130319e+05,-2.360057418885130319e+05,-2.359517743068023410e+05,-2.359517743068023410e+05,-2.359016516241739446e+05,-2.359016516241739446e+05,-2.358555458008226415e+05,-2.358555458008226415e+05,-2.358282319307064754e+05,-2.358282319307064754e+05,-2.357985392586935486e+05,-2.357985392586935486e+05,-2.357769302003572811e+05,-2.357769302003572811e+05,-2.357605928597289603e+05,-2.357605928597289603e+05,nan,nan,nan,nan,nan,nan,nan,nan,nan,nan,nan,nan,nan,nan,nan,nan,nan,nan,nan,nan,nan,nan,nan,nan,nan,nan,nan,nan,nan,nan,nan,nan,nan,nan,nan,nan,nan,nan,nan,nan,nan,nan,nan,nan,nan,nan,nan,nan,nan,nan,nan,nan,nan,nan,nan,nan,nan,nan,nan,nan,nan,nan,nan,nan,nan,nan,nan,nan,nan,nan,nan,nan,nan,nan,nan,nan,nan,nan
