A,R,N,D,C,Q,E,G,H,I,L,K,M,F,P,S,T,W,Y,V,run,cl
7.429718999999999907e-02,4.551539000000000279e-02,4.953145999999999938e-02,3.815261000000000347e-02,4.016060000000000116e-03,4.618474000000000190e-02,5.354752000000000123e-02,6.559571999999999625e-02,3.614458000000000254e-02,8.567603999999999498e-02,1.064256999999999981e-01,4.752342999999999845e-02,2.275769999999999876e-02,5.555555999999999689e-02,2.878179000000000154e-02,7.697455999999999743e-02,4.350736000000000187e-02,1.539490999999999950e-02,4.953145999999999938e-02,5.488620999999999778e-02,1.000000000000000000e+00,1.000000000000000000e+00
7.299498999999999571e-02,5.090851999999999877e-02,4.479949999999999904e-02,4.589598999999999762e-02,1.174812000000000078e-02,4.182331000000000243e-02,6.860902000000000667e-02,7.017544000000000559e-02,2.678571000000000077e-02,3.258144999999999791e-02,7.785087999999999731e-02,6.939222999999999919e-02,1.441103000000000002e-02,2.224310999999999997e-02,9.711778999999999551e-02,1.312656600000000062e-01,5.670425999999999939e-02,1.096490000000000095e-03,1.378446000000000012e-02,4.981203000000000020e-02,1.000000000000000000e+00,2.000000000000000000e+00
7.338551999999999575e-02,4.240051999999999710e-02,6.686235999999999569e-02,5.185909999999999825e-02,4.240050000000000416e-03,4.696672999999999820e-02,9.556425000000000336e-02,3.424657999999999869e-02,1.272015999999999945e-02,4.892367999999999717e-02,1.487279800000000096e-01,7.860404000000000002e-02,9.132420000000000468e-03,3.783431000000000294e-02,2.478800000000000101e-02,8.186562000000000006e-02,4.631442000000000198e-02,8.480100000000000832e-03,1.500325999999999917e-02,7.208088999999999469e-02,1.000000000000000000e+00,3.000000000000000000e+00
1.443494800000000022e-01,5.071225000000000038e-02,3.570750000000000313e-02,4.140550999999999954e-02,1.880342000000000124e-02,2.943969999999999920e-02,6.020893000000000078e-02,7.711300999999999572e-02,6.799620000000000664e-02,5.242165000000000019e-02,9.268756000000000217e-02,3.475783000000000345e-02,1.937322000000000002e-02,3.570750000000000313e-02,4.596390999999999671e-02,5.318139000000000199e-02,3.285849999999999882e-02,5.698009999999999881e-03,2.583096000000000003e-02,7.578348000000000029e-02,1.000000000000000000e+00,4.000000000000000000e+00
8.226044999999999885e-02,4.443431999999999937e-02,2.609092000000000008e-02,5.343511000000000094e-02,3.406631000000000242e-02,3.509171999999999986e-02,7.268998999999999600e-02,4.397858000000000323e-02,3.748433000000000320e-02,7.189244999999999663e-02,8.488094000000000194e-02,5.035889000000000337e-02,4.375070999999999821e-02,4.021874999999999756e-02,3.520564999999999806e-02,4.226956999999999937e-02,6.482852999999999533e-02,1.686224999999999877e-02,4.716874000000000067e-02,7.303178999999999921e-02,2.000000000000000000e+00,1.000000000000000000e+00
5.890197999999999962e-02,1.755945999999999896e-02,3.956434999999999813e-02,7.134919000000000677e-02,1.511446999999999964e-02,5.712380999999999709e-02,8.779729000000000005e-02,2.911758000000000055e-02,1.066903999999999943e-02,4.134252000000000066e-02,9.557678999999999481e-02,5.312291999999999709e-02,2.867304000000000033e-02,5.556790000000000340e-02,9.757723999999999565e-02,1.155812400000000018e-01,6.890419999999999878e-02,1.066903999999999943e-02,1.978217000000000170e-02,2.600577999999999917e-02,2.000000000000000000e+00,2.000000000000000000e+00
5.688623000000000290e-02,5.888224000000000236e-02,3.293412999999999896e-02,4.441118000000000149e-02,2.794411000000000117e-02,3.692614999999999786e-02,5.688623000000000290e-02,5.838323000000000124e-02,2.694610999999999881e-02,6.237525000000000014e-02,1.826347299999999951e-01,7.085827999999999571e-02,1.796406999999999865e-02,3.043912000000000007e-02,3.443113999999999897e-02,6.736527000000000487e-02,4.690619000000000038e-02,8.483030000000000778e-03,1.297405000000000086e-02,6.536925999999999848e-02,2.000000000000000000e+00,3.000000000000000000e+00
9.408450999999999620e-02,4.507041999999999993e-02,3.211267999999999762e-02,5.239437000000000261e-02,2.845069999999999891e-02,3.718309999999999671e-02,2.028169000000000152e-02,7.492957999999999563e-02,1.464789000000000022e-02,7.042254000000000569e-02,9.267606000000000455e-02,3.211267999999999762e-02,2.704225000000000032e-02,2.901408000000000112e-02,6.647886999999999547e-02,8.140844999999999332e-02,7.070423000000000679e-02,1.239437000000000004e-02,2.873239000000000001e-02,8.985914999999999875e-02,2.000000000000000000e+00,4.000000000000000000e+00
6.978233000000000352e-02,6.124626999999999849e-02,4.460093999999999864e-02,6.786172000000000037e-02,8.109260000000000079e-03,3.521127000000000284e-02,5.612463000000000174e-02,6.423389000000000182e-02,1.387111000000000073e-02,6.850191999999999393e-02,1.049936000000000064e-01,5.164318999999999854e-02,2.155355999999999939e-02,6.103286000000000128e-02,4.396073000000000341e-02,6.508748999999999785e-02,4.929577000000000264e-02,1.344429999999999931e-02,3.798548999999999676e-02,6.145967000000000097e-02,3.000000000000000000e+00,1.000000000000000000e+00
3.698629999999999973e-02,3.972603000000000245e-02,4.538812999999999875e-02,5.817351999999999940e-02,1.095890000000000059e-02,5.324200999999999934e-02,7.607305999999999790e-02,4.018265000000000031e-02,2.465753000000000042e-02,8.493151000000000173e-02,1.106849300000000008e-01,9.853881000000000445e-02,2.283104999999999857e-02,5.890411000000000258e-02,3.442922000000000343e-02,5.041095999999999772e-02,4.840182999999999985e-02,1.105022999999999943e-02,4.621005000000000251e-02,4.821918000000000037e-02,3.000000000000000000e+00,2.000000000000000000e+00
8.368589999999999363e-02,5.356236000000000330e-02,3.410052000000000222e-02,3.697749000000000175e-02,8.123200000000000559e-03,3.147740999999999734e-02,4.450838000000000017e-02,6.769334999999999936e-02,1.903875000000000012e-02,8.190894999999999426e-02,1.613640199999999969e-01,2.259266000000000052e-02,2.775427000000000102e-02,5.923168000000000183e-02,2.716195999999999888e-02,6.380097999999999325e-02,4.916228999999999738e-02,1.362328999999999971e-02,3.376206000000000346e-02,8.047047000000000228e-02,3.000000000000000000e+00,3.000000000000000000e+00
8.004925999999999708e-02,3.899836000000000275e-02,6.609194999999999653e-02,6.116585000000000077e-02,1.272578000000000077e-02,4.146140999999999716e-02,4.474547999999999720e-02,7.922824000000000533e-02,1.806239999999999929e-02,5.829228000000000187e-02,5.706076000000000203e-02,3.448276000000000119e-02,1.888342000000000145e-02,4.720854000000000023e-02,6.157635000000000192e-02,6.855500999999999956e-02,9.441708000000000045e-02,8.620690000000000297e-03,3.694581000000000254e-02,7.142856999999999679e-02,3.000000000000000000e+00,4.000000000000000000e+00
