0.137318	0.00732614	0.0601729	0.0348926	0.000148371	0.0075635	0.0583171	0.000158944	0.150892	0.00589219	0.412958	0.0129113	0.113519	0.00860938	0.0781623	0.0143488	0.0221337	0.0255551	0.152	0.0252829	0.11457	0.0322499	0.035317	0.0298114	0.00341801	0.117016	0.022913	0.0185545	0.00988777	0.0331275	0.188623	0.033759	0.00542348	0.0691698	0.0561196	0.14768	0.0823183	0.0570084	0.00505464	0.0487965	0.0805117	0.0498476	0.0294877	0.0134388	0.00812592	0.0507975	0.101637	0.00675188	0.123499	0.0271446	0.0430777	0.00843377	0.0366891	0.0489698	0.00923642	0.00918969	0.00902793	0.0116984	0.0792551	0.12245	0.0126555	0.115609	0.0103127	0.477229	0.018211	0.00907968	0.04188	0.305269	0.0523036	0.0264086	0.00970043	0.437082	0.0242244	0.0118499	0.0802634	0.133098	0.0114348	0.663492	0.0546121	0.00969675	0.163386	0.00919219	0.242234	0.0190143	0.0176763	0.0324489	0.0145006	0.0129591	0.0163765	0.165111	0.0250172	0.0068382	0.0227578	0.0268438	0.016172	0.00977808	0.0206903	0.00845579	0.00625875	0.012632	0.0298781	0.0268346	0.0126307	0.0497589	0.0740691	0.00100077	0.00628381	0.0238358	0.0385785	0.0250803	0.350538	0.0469449	0.0948784	0.108738	0.0313961	0.011954	0.0662351	0.0554541	0.0620532	0.0526236	0.00757582	0.0562464	0.0045418	0.0346595	0.00656387	0.134925	0.0087945	0.0588009	0.0570461	0.0680827	0.064194	0.0565301	0.05289	0.0542347	0.100525	0.0539044	0.00201668	0.853942	0.00548533	0.00767419	0.0168829	0.0473234	0.0974688	0.0392931	0.000605752	0.0645625	0.0529276	0.00565176	0.0112484	0.0796077	0.00708238	0.442283	0.0508167	0.0724781	0.0577842	0.0480972	0.17932	0.0579042	0.0447959	0.428281	0.00475493	0.0837782	0.0600069	0.00294683	0.246977	0.0518957	0.00964591	0.00664686	0.0599261	0.0632552	0.0996079	0.998104	0.000902998	0.0909562	0.127043	0.048068	0.03386	0.00048443	0.0571892	0.0226683	0.0113599	0.0236995	0.0402851	0.0619239	0.0333096	0.0451232	0.0392853	0.110014	0.0604753	0.0898978	0.098407	0.113276	0.00804045	0.0304805	0.0544174	0.0641035	0.00856384	0.146601	0.0754572	0.0253659	0.197456	0.0121468	0.0335353	0.02844	0.156323	0.207254	0.284397	0.0688409	0.0348721	0.0172071	0.169488	0.00983124	0.0671045	0.0594241	0.0187864	0.0108354	0.340172	0.0241102	0.0287709	0.211206	0.051374	0.0132312	0.0309585	0.0658259	0.0762521	0.0518356	0.0646005	0.0153323	0.0354529	0.0167409	0.0182203	0.18944	0.0213793	0.272346	0.327206	0.0282301	0.123735	0.040529	0.0623102	0.0129076	0.0297835	0.0407702	0.0194471	0.00938426	0.0174328	0.0589037	0.0345757	0.35748	0.0169047	0.0343241	0.0526172	0.0475566	0.153866	0.0868451	0.0337349	0.0119329	0.0128456	0.240246	0.0684821	0.0344076	0.0612012	0.0365724	0.017316
0.000423777	0.00187002	2.0068e-05	0.0151879	9.92551e-05	0.0159895	0.012175	0.000107812	0.00772179	0.0224228	0.00888301	0.00639145	0.00956183	0.0211475	0.0575911	0.298519	0.0338729	0.00972049	0.00907631	0.0231192	0.0560635	0.0479928	0.0123758	0.0129467	0.00316916	0.0580334	0.0263639	0.0128491	0.0172542	0.0606608	0.0656552	0.0103902	0.00419699	0.0126877	0.00453887	0.0166064	0.0153241	0.00447438	0.00583239	0.0656783	0.00418603	0.00435991	0.0254938	0.0268007	0.00708788	0.026947	0.0345216	0.00423914	0.0287649	0.0361736	0.00512498	0.05468	0.0028237	0.00454477	0.00244826	0.0415875	0.0146	0.00335951	0.0482043	0.0176477	0.00820977	0.136243	0.00588935	0.0224646	0.00807952	0.01424	0.386356	0.0308565	0.0323531	0.0520735	0.0133185	0.00886542	0.0444171	0.0101754	0.139513	0.00389036	0.0170795	0.0136626	0.131389	0.00718541	0.0917956	0.0979561	0.0904424	0.00959592	0.13091	0.015575	0.0286575	0.00783154	0.0228917	0.00490172	0.00625862	0.00876393	0.0114049	0.013686	0.00827731	0.146271	0.0188239	0.0205353	0.090894	0.00781193	0.209897	0.0144577	0.0110402	0.0461723	0.0204056	0.129289	0.0252121	0.112937	0.0382246	0.0347341	0.00644184	0.00660106	0.0361373	0.00404941	0.0101546	0.00167567	0.0906683	0.0577907	0.0556967	0.0597453	0.00209563	0.00239666	0.345867	0.0011279	0.000288525	0.000658986	0.00316614	0.0434884	0.058116	0.0543526	0.0847938	0.0153195	0.0506725	0.0519237	0.00409856	0.0577232	0.000228145	0.000689987	0.000398533	0.000241303	0.00728514	0.0492988	0.000119732	0.0472948	0.000921549	0.0574031	0.053639	0.00153539	0.00209886	0.0468921	0.000342058	0.00180342	0.053329	0.0393629	0.0744487	0.0529507	0.00856009	0.0621875	0.0120334	0.0109939	0.00223133	0.00324346	0.0506879	0.00057661	0.000926416	0.0549929	0.0061579	0.789702	0.139784	0.0645492	0.0331397	9.98104e-05	0.000368789	0.0863801	0.000391221	0.00213062	0.0648065	0.00176314	0.00347213	0.013521	0.503901	0.0239337	0.0370142	0.00411965	0.273666	0.0280499	0.0332573	0.0193861	0.0223155	0.283074	0.0100155	0.123551	0.0574777	0.025385	0.102403	0.0311577	0.0124875	0.0434944	0.00758126	0.0139921	0.00688081	0.00865845	0.0114197	0.00583513	0.0119781	0.0276412	0.0058024	0.0131805	0.0096726	0.0214032	0.0165261	0.613077	0.0462623	0.034891	0.0106106	0.218996	0.0137312	0.00936597	0.0151315	0.0426784	0.0112873	0.0289356	0.01996	0.0248349	0.0182351	0.0422278	0.138993	0.173265	0.00470857	0.605563	0.01395	0.0522681	0.0501642	0.0126776	0.0212601	0.0119687	0.0121679	0.00924952	0.0373253	0.0285397	0.032185	0.0184323	0.00904953	0.00768964	0.010246	0.0204013	0.0299072	0.00610214	0.0158375	0.500503	0.171571	0.356153	0.256292	0.0156493	0.00488361	0.0792454	0.00484918	0.0164713	0.106056	0.0269561	0.00587542	0.020599	0.0189791
0.00945695	0.0528215	0.0103463	0.0500345	0.000101341	0.000108168	0.0168637	0.000232708	0.0220915	0.0240796	0.0328004	0.0256993	0.0348649	0.0581917	0.0490087	0.0246201	0.0318852	0.468837	0.0950116	0.00733853	0.00545144	0.113831	0.0769485	0.0327161	0.00943658	0.0126957	0.275497	0.0504487	0.0117244	0.111813	0.00368889	0.0124592	0.0159869	0.0337337	0.169181	0.0163482	0.0811312	0.0146462	0.00432904	0.00991685	0.0117026	0.0495601	0.0113498	0.00842283	0.00971581	0.0155191	0.0283898	0.0142461	0.015128	0.00978222	0.021019	0.0179486	0.0053131	0.701017	0.00933313	0.0743414	0.0404497	0.0108689	0.0726317	0.0585033	0.0110568	0.0237506	0.00928806	0.0431487	0.0157042	0.0103937	0.0218023	0.0264271	0.0260549	0.0333926	0.0139916	0.00824911	0.0262889	0.64044	0.00985279	0.027985	0.0878596	0.023936	0.0078326	0.0133647	0.0640787	0.319627	0.0166423	0.307624	0.0414309	0.0996153	0.0200791	0.0135544	0.0163709	0.228447	0.0419246	0.0187108	0.0323891	0.0240939	0.0188946	0.0548756	0.022288	0.0470482	0.0206294	0.0242422	0.0126819	0.0153643	0.0213814	0.0693263	0.0714524	0.0861149	0.0387959	0.0238292	0.013793	0.00570698	0.0119849	0.113	0.00572732	0.00592047	0.0209739	0.00139278	0.00498668	0.0563468	0.0485597	0.0594117	0.00518291	0.00173968	0.288873	0.00464418	0.000243802	0.000978664	0.00541715	0.0628756	0.0589178	0.0582724	0.0933739	0.00154766	0.0547644	0.0558917	0.0556386	0.060394	0.000303604	0.00174959	0.00140051	0.000824709	0.149044	0.0555679	0.00252861	0.0548972	0.00466832	0.0530297	0.0517234	0.00525721	0.00279183	0.0716495	0.000688515	0.000721417	0.0545071	0.0622205	0.0626288	0.0479627	0.114341	0.0600005	0.0164077	0.00977442	0.000935636	0.00170342	0.0532766	0.000865931	0.000761516	0.0550281	0.0155879	0.00950233	0.0732453	0.0604249	0.0402363	9.98104e-05	0.00120973	0.0230562	0.000956306	0.000553428	0.0983473	0.00195882	0.0371775	0.0165959	0.0200936	0.017574	0.14888	0.0241414	0.0186513	0.0246883	0.0259037	0.0955928	0.107963	0.0317965	0.187012	0.0444799	0.0257837	0.068267	0.0183037	0.0228394	0.0328576	0.0410411	0.0217981	0.367467	0.0396393	0.0404002	0.0403349	0.0109733	0.111528	0.0679524	0.0740844	0.0141343	0.0157055	0.0312653	0.233867	0.0168493	0.0312879	0.0272728	0.013346	0.0316054	0.0155559	0.0300344	0.0266227	0.0454119	0.0710214	0.0177384	0.0468136	0.0946446	0.0158532	0.0417928	0.0852151	0.0728541	0.0405134	0.0177367	0.019888	0.0526865	0.0639624	0.0238933	0.0242281	0.0348082	0.014587	0.0349037	0.0190377	0.0503965	0.0198695	0.0661904	0.0407609	0.0342364	0.0177102	0.0555411	0.0192432	0.0149188	0.0144094	0.0277198	0.0237644	0.0201091	0.0382142	0.0604319	0.00574589	0.0766171	0.0130679	0.0541234	0.0620072	0.0204367	0.196684	0.0152594	0.0619917
0.14216	0.0972113	1.76197e-05	0.0067032	0.00025833	0.000262257	0.000844311	0.0165415	0.0288093	0.00664315	0.066917	0.0310745	0.00410956	0.455288	0.0279322	0.00787527	0.00478318	0.0149602	0.0457841	0.0535268	0.098061	0.23907	0.00391834	0.00828438	0.00636549	0.0553326	0.00752959	0.00592972	0.0249563	0.0220652	0.0337417	0.00936878	0.0134675	0.011891	0.0554212	0.0295075	0.0155551	0.0133064	0.00580234	0.0224783	0.00708563	0.0504378	0.00868903	0.0133767	0.0232494	0.0191566	0.041606	0.0176193	0.0379936	0.00620825	0.0127931	0.0728977	0.0229088	0.0164756	0.00423296	0.0128346	0.00649955	0.00943318	0.158805	0.0157341	0.0282492	0.0180292	0.0242007	0.0136716	0.00818465	0.01509	0.013338	0.00625173	0.0220755	0.00571732	0.00458476	0.00359457	0.0156991	0.0498533	0.0304425	0.0027184	0.013423	0.0113516	0.00179279	0.0259994	0.0195847	0.0113951	0.014926	0.0322403	0.0213067	0.400665	0.012736	0.0127292	0.0316989	0.0110775	0.0395709	0.012479	0.0171839	0.008465	0.0124009	0.0855712	0.0240246	0.0172434	0.0207168	0.0111119	0.00707072	0.0556333	0.0202653	0.106334	0.0293162	0.00998787	0.00434985	0.0793201	0.0124181	0.00532124	0.0266477	0.00595286	0.286914	0.0065452	0.0184282	0.00216627	0.000217686	0.0551641	0.0628607	0.0532443	0.00451637	0.000924913	0.000284124	0.00116672	0.000143427	0.00020712	0.404395	0.0596486	0.057089	0.0610857	0.00145845	0.00279109	0.04836	0.0630809	0.218583	0.0635146	0.000637494	0.00155676	0.000248138	0.000444186	0.199651	0.0517435	0.000281751	0.0207556	0.00858447	0.0562824	0.0408032	0.74637	0.00115057	0.00327534	0.00016848	0.00259562	0.0608209	0.0802635	0.0766054	0.0488153	0.000786608	0.0836206	0.00124169	0.00351696	0.00148458	0.000573399	0.056864	0.0005371	0.00134308	0.0610588	0.00103542	0.00224843	0.0251077	0.0607765	0.0233033	9.98104e-05	0.000283327	0.00288616	0.000486247	0.000279307	0.00342564	0.001361	0.0243782	0.0585967	0.0126611	0.0467448	0.00431947	0.0145775	0.0218136	0.030608	0.0105119	0.0111522	0.0102407	0.0311222	0.0354597	0.0172258	0.00964812	0.166237	0.0210545	0.0212241	0.0369665	0.0121876	0.0131638	0.0358944	0.0181168	0.0218355	0.0384825	0.00773458	0.00541934	0.0337594	0.00708941	0.019285	0.0133709	0.050615	0.0222487	0.00801697	0.0236791	0.0169392	0.0128153	0.0143148	0.0158304	0.0701345	0.0530162	0.038516	0.0312668	0.02341	0.0280302	0.152055	0.02469	0.00736176	0.0120296	0.0117405	0.0100491	0.0288521	0.0792602	0.00674123	0.0244668	0.0502348	0.0126287	0.00902061	0.0292622	0.00814263	0.021125	0.0160872	0.0616848	0.161686	0.0646533	0.00939607	0.0446245	0.0275043	0.0124071	0.0259608	0.0293272	0.0179111	0.00486324	0.0117029	0.00757629	0.0421835	0.00494822	0.076414	0.00756535	0.00794089	0.00846044	0.0188284	0.00992141	0.0303471	0.0526414
0.0386227	0.0894527	0.024269	0.0230205	9.27553e-05	0.000108168	0.00652441	9.9365e-05	0.00799577	0.074939	0.0211397	0.00323668	0.0466942	0.00720103	0.0069859	0.02454	0.00995381	0.0134557	0.015803	0.022371	0.00690682	0.0184315	0.0257034	0.00813735	0.00946856	0.012609	0.000272175	0.00531622	0.517327	0.00245358	0.0391151	0.020404	0.00753958	0.0141065	0.00708127	0.0145298	0.0108795	0.0113846	0.00444785	0.0263438	0.00549603	0.0405401	0.0454972	0.0062472	0.0717514	0.0348098	0.0132102	0.0161952	0.00359644	0.00944599	0.0352941	0.0339275	0.0350024	0.011007	0.0130487	0.0116639	0.0197226	0.0109572	0.0128808	0.0131457	0.00555147	0.0237489	0.711998	0.0096081	0.018714	0.0139643	0.00748928	0.0120311	0.00770074	0.0055182	0.00900917	0.0296711	0.0182448	0.0109622	0.0141378	0.0211632	0.0211445	0.0243932	0.027546	0.0442003	0.00608427	0.0209538	0.0538788	0.0466637	0.0107019	0.0107074	0.0237526	0.0119683	0.0304996	0.0273026	0.0206058	0.0351672	0.014726	0.00988708	0.0179948	0.0164566	0.0440659	0.0297536	0.0146381	0.345862	0.0210224	0.0396249	0.0232812	0.0114109	0.0101369	0.00156876	0.00245086	0.126922	0.0214129	0.11389	0.088293	0.0644559	0.00695802	0.00537027	0.015087	0.00246622	0.00242789	0.054106	0.0453958	0.0424372	0.0018279	0.0026175	0.00989439	0.0014237	0.00773424	0.0318511	0.00148919	0.00658017	0.0132212	0.00467635	0.0138298	0.050173	0.0287159	0.0315453	0.00150841	0.0135023	0.0315418	0.0010901	0.00574048	0.00545039	0.00471609	0.0435304	0.126696	0.0482601	0.00112301	0.0367541	0.047541	0.0278661	0.00151095	0.0266895	0.00581942	0.0154145	0.0533676	0.0564089	0.0414446	0.0532713	0.0342603	0.0376185	0.0206228	0.0210669	0.000668436	0.130906	0.0476683	0.227193	0.0200134	0.0527095	0.00355368	0.0278859	0.0119913	0.0293104	0.0490587	9.98104e-05	0.00350637	0.0468291	0.0495633	0.0384353	0.0534253	0.000731814	0.0422296	0.0225533	0.0319659	0.0177059	0.071221	0.134839	0.0289483	0.0187534	0.19906	0.0634217	0.0379922	0.0153856	0.0188837	0.0669028	0.0210038	0.0647941	0.0341874	0.0680243	0.0301745	0.0593788	0.251891	0.0263553	0.0263861	0.0426948	0.0434606	0.0831165	0.200862	0.026919	0.121301	0.0387056	0.131538	0.0313458	0.025774	0.0112126	0.287337	0.0693333	0.0968944	0.0469904	0.0355213	0.0154933	0.0250511	0.0366523	0.0463424	0.0251323	0.0236976	0.0295917	0.0362285	0.0882585	0.00832147	0.0211591	0.0609307	0.0193569	0.0194126	0.0447287	0.0498137	0.0667406	0.0522256	0.150483	0.0486237	0.0616211	0.0641991	0.02238	0.0141153	0.020037	0.0409733	0.037605	0.100313	0.0509592	0.0307829	0.049943	0.0226466	0.0257223	0.0222735	0.0257416	0.0193441	0.0851472	0.0950167	0.0744074	0.0770574	0.0785185	0.167215	0.0187349	0.0277124	0.0196919	0.026288
0.0214273	0.0173042	0.00441081	0.0222364	0.10669	0.0328781	0.169583	0.000144245	0.0131391	0.0144974	0.0325237	0.0607179	0.029653	0.0122026	0.0421155	0.0104226	0.0545493	0.0183658	0.032685	0.0284416	0.270249	0.0160684	0.0717797	0.00722074	0.00593987	0.0328849	0.0208114	0.0391098	0.0259704	0.112356	0.0618345	0.00781113	0.0259355	0.0102834	0.129795	0.00601564	0.0844862	0.033289	0.00989893	0.0173043	0.649489	0.0154111	0.0411572	0.0073531	0.0463023	0.0579202	0.0433483	0.0059153	0.102495	0.0144772	0.0468768	0.0165647	0.0049399	0.00421567	0.00689941	0.0180131	0.0227677	0.00835485	0.0172755	0.0196976	0.00684992	0.0350084	0.0086543	0.0901891	0.0208579	0.0313725	0.0285126	0.0655579	0.0101101	0.0136093	0.00675703	0.00922268	0.0193759	0.0154605	0.172817	0.0240991	0.00650561	0.0210533	0.172454	0.00974837	0.0986133	0.0515258	0.118365	0.0262515	0.0324789	0.125834	0.100125	0.0190564	0.0164652	0.00761134	0.0586187	0.0473383	0.0196117	0.0314337	0.120793	0.0227728	0.0495875	0.0648743	0.0160826	0.0183026	0.0133823	0.124316	0.0448618	0.019015	0.0240818	0.0296866	0.0174052	0.100821	0.00646208	0.0186073	0.0178517	0.00236942	0.0168252	0.0054881	0.0477632	0.00722956	0.0636345	0.0522724	0.0778284	0.0515168	0.00741844	0.00259052	0.0128926	0.0042702	0.00287774	0.00482492	0.200421	0.0716995	0.06448	0.0560685	0.0572595	0.0693646	0.0427634	0.0615962	0.170978	0.061088	0.000150579	0.00413222	0.00326524	0.00429386	0.0731146	0.0510491	0.00195504	0.0398057	0.00143946	0.0576098	0.0534113	0.0067428	0.00115623	0.0837207	0.00113256	0.000580581	0.0534633	0.07278	0.0720463	0.0522184	0.00559293	0.0706062	0.0170531	0.00466141	0.00257168	0.00198626	0.0436423	0.000515393	0.00229688	0.0553016	0.00122714	0.0113039	0.106608	0.0641584	0.0420758	9.98104e-05	0.00078678	0.0807465	0.00313076	0.00183614	0.0670025	0.00329249	0.0187166	0.0431257	0.0137302	0.0982881	0.101701	0.00913532	0.0414115	0.0360334	0.0242381	0.0110289	0.0125933	0.0337406	0.0520997	0.0332918	0.0252727	0.0657271	0.00860048	0.048933	0.0243808	0.0279049	0.0158889	0.0481013	0.0448913	0.0118474	0.0295236	0.0294321	0.069451	0.116879	0.0237771	0.0376305	0.0396971	0.0313457	0.077333	0.013237	0.042728	0.0125916	0.0287931	0.0226409	0.0370962	0.0286817	0.05575	0.0327509	0.0168002	0.0388843	0.0238575	0.113368	0.0379012	0.0754874	0.0488493	0.102561	0.0197603	0.0245476	0.0335884	0.0708717	0.0179895	0.0180981	0.0214549	0.0708527	0.0287922	0.023961	0.0202729	0.0361347	0.0231562	0.0310455	0.0839327	0.0167903	0.133156	0.0549199	0.0217865	0.0104243	0.0142261	0.0129488	0.0296832	0.029042	0.0388495	0.0477804	0.019922	0.0570613	0.0184428	0.0257798	0.0278067	0.014959	0.0902059	0.0447202	0.0374052
0.121211	0.134648	1.87241e-05	0.0470085	0.000286635	0.0178649	8.22322e-05	0.000142259	0.0283839	0.00339424	0.0118372	0.0363593	0.0836291	0.0605172	0.427543	0.0268063	0.0109116	0.012849	0.169585	0.00834082	0.102915	0.00998873	0.203005	0.013365	0.00421852	0.117151	0.0778445	0.00863835	0.00899842	0.0766651	0.034889	0.00884892	0.0441512	0.0174987	0.0229279	0.0369037	0.00768142	0.0286559	0.0136243	0.506902	0.0637669	0.173632	0.196442	0.0121041	0.0114157	0.0953443	0.0225303	0.00579332	0.102521	0.177689	0.031523	0.381995	0.0609096	0.0529423	0.00909025	0.00823004	0.00549166	0.0454187	0.0575997	0.0126239	0.00350229	0.00676626	0.0224506	0.0384415	0.0139301	0.0320305	0.0167306	0.00373598	0.0418516	0.00675253	0.00578829	0.0178258	0.0259839	0.0202572	0.0649462	0.0226347	0.0126999	0.022752	0.00357399	0.0295678	0.0293074	0.0138234	0.0100653	0.0200333	0.0306139	0.0533853	0.0162259	0.0195387	0.0320689	0.0780392	0.52786	0.0228884	0.0323484	0.0105276	0.0229816	0.0456956	0.00789262	0.0187052	0.0052397	0.0256134	0.1294	0.0127389	0.0135569	0.0348741	0.06328	0.0974284	0.0226073	0.0197233	0.0173299	0.034577	0.0117384	0.00256419	0.00349664	0.0620702	0.0139162	0.00172965	0.00215921	0.057778	0.0576067	0.053993	0.00504495	0.000498173	0.000508035	0.000841366	0.000466424	0.000360182	0.324164	0.0664343	0.061367	0.0599456	0.00885367	0.00940796	0.0514556	0.0622719	0.194249	0.0619151	0.000442433	0.0124813	0.00042095	0.000570877	0.187371	0.0482591	0.00065087	0.0424198	0.965196	0.0628173	0.0553009	0.151851	0.000446349	0.0616304	0.000204609	0.00077854	0.0525118	0.0772432	0.0740251	0.0487548	0.00035679	0.0590499	0.00253462	0.0303056	0.00134683	0.00048119	0.0495782	0.000669594	0.0034186	0.051374	0.00803759	0.00236669	0.045061	0.0615933	0.021363	9.98104e-05	0.000445474	0.0156363	0.000192898	0.000421477	0.0430851	0.00248991	0.0143506	0.43724	0.00933319	0.193684	0.0225723	0.016463	0.0232528	0.00801043	0.0486237	0.0194326	0.0220634	0.020585	0.0373382	0.0160054	0.0363733	0.0393657	0.0266141	0.0235723	0.0298484	0.0184409	0.0152618	0.0166979	0.0195289	0.011758	0.0180939	0.00756984	0.00466833	0.019345	0.0210586	0.0309255	0.0139255	0.46792	0.00683844	0.0254566	0.0334109	0.0451513	0.0336324	0.0458877	0.0228233	0.496588	0.394579	0.0442666	0.0141043	0.00918348	0.019575	0.0470403	0.0147563	0.0130038	0.0183115	0.00977719	0.0240045	0.0118215	0.551331	0.0164398	0.0168565	0.0134719	0.0255571	0.00688625	0.018011	0.00914795	0.0346826	0.0348342	0.0385749	0.247752	0.247646	0.0139574	0.369763	0.0096629	0.017878	0.0113819	0.0110657	0.0239238	0.00475273	0.0169244	0.041533	0.015659	0.0158709	0.0264661	0.00619788	0.0171173	0.0381625	0.030457	0.00550024	0.0374903	0.394243
0.00389433	0.0192002	0.3623	0.015083	0.225547	0.000636863	3.76831e-06	0.000156756	0.00558687	0.171687	0.0808652	0.00968064	0.0293022	0.0418626	0.0329344	0.122552	0.12386	0.0113734	0.095913	0.00958193	0.0326666	0.10768	0.0109463	0.0195822	0.00393238	0.104105	0.148369	0.00306395	0.0285468	0.091806	0.00826054	0.00692817	0.00520133	0.0366137	0.0876462	0.0284464	0.0594594	0.00488689	0.00426195	0.0087214	0.00337531	0.0693076	0.00490408	0.00451949	0.00283662	0.0445071	0.00412686	0.0135911	0.0443973	0.175167	0.0192965	0.0297783	0.678658	0.00832912	0.00556674	0.00390048	0.00214978	0.00506952	0.0602981	0.409757	0.0111063	0.00254434	0.0177375	0.0237097	0.00993969	0.664	0.0136175	0.0122156	0.00656415	0.00195799	0.0131775	0.043194	0.661236	0.00857611	0.0125011	0.00572896	0.0101215	0.00445275	0.0307732	0.0108248	0.0165408	0.0136455	0.0466659	0.0171863	0.0096613	0.0255799	0.0148811	0.00978285	0.0212846	0.012269	0.00911921	0.00501507	0.0167588	0.00543301	0.00433096	0.0413177	0.00710149	0.345239	0.0165365	0.0242725	0.00849982	0.038228	0.0100281	0.00444839	0.101325	0.0528607	0.0203501	0.021503	0.0433462	0.00210074	0.0467354	0.00726047	0.00291787	0.398118	0.0555623	0.00152149	0.00351732	0.0545811	0.0432014	0.057831	0.012816	0.00209759	0.00175636	0.00173795	0.00356613	0.00549391	0.00609405	0.0604045	0.0627823	0.061539	0.0578813	0.00390255	0.0566922	0.0548701	0.119849	0.0600207	0.000421252	0.0144934	0.00165602	0.0017425	0.248464	0.0453738	0.000974301	0.0177924	0.00120399	0.0604492	0.0511029	0.00988106	0.000764792	0.00921674	0.000464709	0.393784	0.0517215	0.0781943	0.0715441	0.0492313	0.165265	0.0646037	0.0116067	0.175311	0.000681765	0.000827061	0.0497345	0.00072599	0.691818	0.0523293	0.914368	0.0154364	0.00457164	0.0733156	0.0375265	9.98104e-05	0.000427827	0.0420597	0.000781794	0.000969502	0.0326871	0.00120123	0.0089711	0.0411278	0.0267247	0.00811863	0.0799343	0.0325494	0.0786746	0.00787122	0.0495064	0.0403293	0.088853	0.0189471	0.0109313	0.0345335	0.00919893	0.105854	0.104983	0.0857567	0.0082304	0.0736595	0.0087413	0.124019	0.0300621	0.0140806	0.327073	0.0117473	0.0544935	0.0579326	0.0698436	0.0296164	0.0259268	0.0423859	0.0174914	0.0164776	0.0284189	0.227471	0.0116623	0.0204406	0.104259	0.0483901	0.0369358	0.116072	0.0141429	0.0189375	0.0192247	0.0107302	0.0221934	0.0338987	0.0645923	0.129175	0.0101468	0.0198596	0.0245873	0.121976	0.0774732	0.177094	0.0450742	0.0269146	0.0212082	0.0100908	0.41311	0.015302	0.559605	0.0361252	0.0381815	0.00886498	0.0368128	0.056154	0.0280745	0.133581	0.0330887	0.0175034	0.0682876	0.0239089	0.0379168	0.291934	0.0065393	0.04519	0.0134706	0.0741128	0.0634278	0.486133	0.104229	0.0200989	0.0316299
0.0231249	0.0102892	0.015901	0.0135935	9.27553e-05	0.0471457	0.00564059	0.000142259	0.0510318	0.00271216	0.044056	0.00624351	0.0382114	0.0138975	0.0359653	0.0348564	0.00486925	0.180673	0.0152365	0.031474	0.0398611	0.0139691	0.178126	0.0148566	0.0242741	0.0262493	0.017172	0.222136	0.0118014	0.00360428	0.0600048	0.035782	0.0140437	0.0253631	0.0120324	0.053029	0.00769281	0.014248	0.0122603	0.0281817	0.0567422	0.0409502	0.0901988	0.0922023	0.0952687	0.0586368	0.0188253	0.00738379	0.0644729	0.0605424	0.026487	0.0888438	0.0153363	0.00832995	0.00483011	0.0149116	0.242138	0.157084	0.0697971	0.0186321	0.0059839	0.0144787	0.0172096	0.00865234	0.00721843	0.0119664	0.0704677	0.0357558	0.257919	0.0761666	0.0182543	0.0344609	0.00744952	0.0214475	0.0335897	0.00633472	0.103713	0.0154316	0.0512348	0.00851326	0.0669887	0.0620186	0.00711783	0.0252065	0.0430552	0.017073	0.0775233	0.00943975	0.037644	0.0190053	0.0249932	0.00989492	0.0122772	0.00921019	0.025208	0.036361	0.0565174	0.0216901	0.0386453	0.01451	0.0082323	0.00218151	0.0395934	0.107953	0.0408884	0.0111072	0.0108185	0.0536871	0.0877767	0.019465	0.0276236	0.0537026	0.0192616	0.00413854	0.0104227	0.00493062	0.0170551	0.0481083	0.0569826	0.0501948	0.013841	0.00245501	0.165184	0.00588081	0.00326994	0.00425772	0.00284257	0.056067	0.0590471	0.0498702	0.0969936	0.0640728	0.0496212	0.0586189	0.0258508	0.0582238	0.00102899	0.00388222	0.000584498	0.000389834	0.0346524	0.0554111	0.00346358	0.04026	0.00072123	0.0503723	0.0489981	0.00218541	0.00194007	0.0702098	0.000303669	0.000520763	0.0544217	0.0641255	0.0814477	0.0537024	0.0918915	0.0745295	0.0132943	0.0205841	0.00238233	0.000465056	0.0504265	0.000434374	0.000695233	0.0535828	0.00273644	0.0147243	0.0184837	0.0613829	0.060153	9.98104e-05	0.000762946	0.0777076	0.000167615	0.00177638	0.0925697	0.0117203	0.21659	0.0230995	0.0845619	0.0166719	0.0300985	0.00810771	0.0815889	0.244094	0.0143672	0.0142541	0.0134631	0.0332057	0.0506969	0.0537939	0.0145755	0.0403611	0.0762304	0.0408426	0.0404788	0.0323805	0.00703155	0.056853	0.012334	0.0339629	0.0527545	0.00952367	0.0123777	0.053263	0.0704685	0.0271031	0.0618486	0.00972987	0.055742	0.0108091	0.0334814	0.0137465	0.0177846	0.0328082	0.064883	0.00629737	0.0270335	0.0327198	0.117101	0.0230657	0.0142046	0.0916134	0.0277962	0.0932912	0.045033	0.0184433	0.00581682	0.0155603	0.0149429	0.0915552	0.0262614	0.00743504	0.0162431	0.0526415	0.0219378	0.010024	0.0333506	0.0672236	0.0210432	0.0297695	0.0368245	0.0248591	0.015924	0.0207477	0.0316028	0.0110339	0.0175744	0.00746639	0.171426	0.0569359	0.0273257	0.0207403	0.00852046	0.0846356	0.0246669	0.0362881	0.076507	0.0111649	0.084191	0.0185259	0.0216992
0.0645066	0.0322908	0.0610129	0.0438605	0.000141344	0.000135753	0.205907	9.9365e-05	0.0935528	0.0519638	0.0364209	0.358946	0.00898288	0.0104345	0.0229201	0.00688836	0.0596754	0.0216961	0.0199789	0.121078	0.00680835	0.00844673	0.00871279	0.0371964	0.138443	0.0644354	0.0659037	0.0198392	0.00786842	0.0725213	0.0641412	0.0117152	0.0149153	0.0328616	0.0106401	0.03151	0.0276345	0.0250008	0.00347717	0.0290653	0.00411884	0.0374957	0.0227174	0.0890742	0.107147	0.0128275	0.16889	0.00482359	0.0649604	0.00341758	0.0777437	0.038396	0.00525325	0.0112414	0.0777214	0.012909	0.0241994	0.00722554	0.0396525	0.0171746	0.448055	0.0867188	0.0126257	0.0136986	0.0291505	0.0166223	0.00611007	0.0123233	0.0105477	0.0280533	0.0416169	0.0139661	0.0106388	0.0137641	0.0135876	0.0122546	0.0090621	0.00662928	0.0601304	0.423183	0.0244775	0.0449034	0.039643	0.140096	0.0200442	0.0101583	0.103058	0.252143	0.0476092	0.220454	0.021412	0.245196	0.0338513	0.0903115	0.163743	0.004614	0.0996663	0.0826224	0.00912468	0.0250023	0.00917766	0.150212	0.0103307	0.00898032	0.0512626	0.311506	0.301185	0.0220784	0.0743215	0.0398641	0.0460103	0.0624374	0.00209814	0.00482907	0.101047	0.173096	0.109624	0.0482432	0.0462034	0.0453386	0.0974059	0.146841	0.00118547	0.00531882	0.175961	0.169957	0.00390149	0.0444094	0.0478003	0.0649107	0.00153241	0.0946369	0.0586644	0.0500485	0.00166131	0.0397311	0.292653	0.00141461	0.213039	0.134184	0.000634623	0.0388256	0.143427	0.0788727	0.00161225	0.0354174	0.0457817	0.00226621	0.0192339	0.0585324	0.270574	0.00141374	0.0530847	0.00166476	0.00943847	0.0496623	0.000784643	0.0129339	0.0678844	0.00810654	0.205955	0.162201	0.0518761	0.416025	0.00162951	0.0271165	0.00424498	0.00642685	0.00343458	0.00987728	0.0591399	9.98104e-05	0.217648	0.00311775	0.194683	0.161834	0.000175731	0.00348032	0.0643998	0.028961	0.00593767	0.0620206	0.00528844	0.303406	0.049715	0.0125267	0.0762425	0.0146786	0.0175607	0.017637	0.092019	0.0420463	0.030343	0.0236384	0.0294438	0.103218	0.0851465	0.0160612	0.0217939	0.0249286	0.013607	0.0360594	0.0217359	0.0851275	0.0284985	0.00627803	0.0116433	0.0278666	0.0724009	0.0230348	0.0382282	0.0159427	0.0301943	0.0122627	0.0290356	0.0280805	0.006229	0.0204799	0.0275725	0.060887	0.0160613	0.032962	0.0419472	0.00735017	0.0227206	0.0738234	0.0314538	0.0232578	0.0702664	0.0310377	0.0148718	0.0474758	0.0365049	0.00801201	0.0750033	0.021137	0.0434594	0.357764	0.0240357	0.0200809	0.0156898	0.0184417	0.0171664	0.0430101	0.0181357	0.0222191	0.0332876	0.00847974	0.447886	0.0093758	0.00946209	0.018937	0.0675452	0.0120425	0.173434	0.0751437	0.0936545	0.0303578	0.0149704	0.0248006	0.00680081	0.019023	0.013757
0.0495693	0.0919675	0.0880983	0.0222364	0.00011722	0.0158791	0.150733	9.9365e-05	0.164787	0.126554	0.0117298	0.0784234	0.0067545	0.0196843	0.00427898	0.0105167	0.0277506	0.0191041	0.0555324	0.473302	0.0442986	0.0794743	0.0428757	0.0166217	0.369954	0.0227636	0.0760912	0.0186374	0.0315923	0.0679164	0.0152395	0.0102504	0.00973679	0.205768	0.0913644	0.107698	0.0177363	0.638641	0.00521664	0.0243086	0.00802507	0.0496051	0.00489793	0.0332263	0.0417305	0.0288489	0.0801721	0.00633038	0.00513548	0.0457352	0.0293655	0.00388666	0.00477515	0.00371574	0.412226	0.0412523	0.0134175	0.0332351	0.0612605	0.0229466	0.128217	0.163461	0.0125788	0.0112375	0.0332867	0.0152707	0.0586393	0.00529769	0.0139993	0.048225	0.0877134	0.0150522	0.00584114	0.0129288	0.0326195	0.0106549	0.010089	0.0147839	0.0733261	0.0590291	0.0174268	0.0115303	0.0526501	0.0142341	0.015433	0.0174161	0.270974	0.242732	0.0142017	0.0321708	0.00918039	0.0491505	0.552353	0.168739	0.151816	0.0321862	0.117291	0.0826576	0.137973	0.0218457	0.00761759	0.0981504	0.0585724	0.0165618	0.0232529	0.0283354	0.0535497	0.0694779	0.0536941	0.406863	0.082453	0.0700894	0.0838892	0.00373511	0.0173946	0.0649422	0.10529	0.0485432	0.0473425	0.0514517	0.226083	0.138294	0.00139597	0.00448328	0.229953	0.155894	0.000974463	0.0451616	0.0542325	0.046428	0.0377147	0.0838788	0.0495776	0.0410035	0.000360483	0.0554374	0.212708	0.000434355	0.304215	0.261775	0.00376302	0.0486897	0.155603	0.0511434	0.000742401	0.0517846	0.0562682	0.00229288	0.00150859	0.00267603	0.0214796	0.000442727	0.0506085	0.016701	0.00663813	0.0496843	0.00912418	0.0715899	0.0430737	0.00219464	0.349712	0.147225	0.044587	0.0256606	0.00184315	0.0540178	0.0015406	0.00769199	0.00453352	0.0480064	0.0622808	9.98104e-05	0.163658	0.0247396	0.161014	0.104949	0.0280283	0.0040448	0.048936	0.00952798	0.0201705	0.168198	0.0365333	0.0677241	0.0430908	0.014805	0.04904	0.0124421	0.0254577	0.032634	0.041186	0.0441264	0.00897617	0.034286	0.0576622	0.051587	0.087525	0.0410771	0.014241	0.0142803	0.00874307	0.00945887	0.0353475	0.0824577	0.00834977	0.0360674	0.0274753	0.0163478	0.103209	0.028026	0.0597933	0.0138679	0.0409941	0.0198085	0.107443	0.0186806	0.0181259	0.0192044	0.0233124	0.0308606	0.0144307	0.535929	0.0329516	0.0145398	0.0278498	0.050582	0.0419233	0.00478476	0.0450771	0.00991801	0.0156012	0.0452202	0.0284918	0.158331	0.0132649	0.0231085	0.0458731	0.0685319	0.0172744	0.0262756	0.00971019	0.0239062	0.0832399	0.226064	0.0165146	0.00573241	0.0403911	0.00459514	0.047717	0.00962186	0.0520479	0.0173063	0.0235364	0.0346588	0.108194	0.0504779	0.259831	0.0663671	0.0359973	0.0185591	0.0064736	0.0219374	0.0436858
0.00124089	0.00486707	7.86201e-05	0.00934925	0.0154411	0.000111805	0.0188416	0.000370256	0.0795227	0.00912066	0.0385046	0.210599	0.0491365	0.00854182	0.014933	0.278926	0.0794901	0.0379491	0.0101183	0.00647682	0.0168507	0.0241889	0.0381996	0.0120561	0.00471402	0.0069947	0.0130911	0.00467596	0.0414091	0.0347853	0.0320949	0.0106831	0.0059388	0.0196948	0.0117411	0.0292149	0.00980363	0.00742408	0.0376148	0.0298435	0.00908974	0.0102713	0.0381719	0.00641192	0.00592144	0.006925	0.0660088	0.0102818	0.00946351	0.0252382	0.0972088	0.0266144	0.0102661	0.0117593	0.00653924	0.0157156	0.0187894	0.0597197	0.0250922	0.0108442	0.0120064	0.117835	0.0163012	0.00394726	0.0154265	0.0518592	0.191157	0.247118	0.0701753	0.0417619	0.00503111	0.0287485	0.0255434	0.0405122	0.124082	0.113982	0.00821187	0.0159137	0.131456	0.0336446	0.0243758	0.0220036	0.0070788	0.0329088	0.460139	0.0179577	0.0305726	0.0145246	0.0120057	0.00991157	0.0176803	0.0832944	0.0116673	0.0151899	0.0257437	0.28287	0.0411493	0.0294432	0.00554557	0.0186303	0.38055	0.0228235	0.0193561	0.0605371	0.0818462	0.0286951	0.289305	0.0541443	0.005137	0.0402672	0.00676948	0.00151782	0.0054712	0.0067525	0.0179223	0.0160804	0.12377	0.0546108	0.0564349	0.0533652	0.00196593	0.00217552	0.155558	0.00267392	0.000496719	0.000179149	0.00322117	0.0472635	0.0572213	0.0532235	0.102142	0.032347	0.0554757	0.0571937	0.00826204	0.0481917	0.000227634	0.00131555	0.000327046	0.000724291	0.0162847	0.0525209	0.000468826	0.0466785	0.00138977	0.0586512	0.0489424	0.00162928	0.00594637	0.0502906	0.00023995	0.000338222	0.0524313	0.0638998	0.0722451	0.04767	0.00700555	0.0596243	0.0411324	0.00676936	0.00448666	0.00303424	0.059274	0.00039932	0.00058223	0.0538457	0.00172638	0.0273699	0.165765	0.0900065	0.0350469	9.98104e-05	0.000436526	0.103547	0.000469886	0.0013319	0.0509935	0.00253798	0.0277853	0.0396672	0.0365777	0.0235102	0.0555436	0.0127186	0.0213336	0.00613437	0.0710459	0.0955219	0.0350026	0.123494	0.034479	0.101032	0.583943	0.028039	0.0498187	0.0395465	0.00937552	0.0731437	0.00570539	0.0504085	0.0199567	0.0121939	0.00984354	0.0121454	0.0360751	0.0149194	0.0108099	0.038062	0.0262874	0.0398416	0.0332077	0.059619	0.0308291	0.0234846	0.0188264	0.331753	0.0177979	0.0412495	0.0509073	0.0242177	0.0326029	0.0206079	0.0282246	0.0185826	0.0229963	0.11746	0.102604	0.0357806	0.00814873	0.0376391	0.0354279	0.0157805	0.0142704	0.00643094	0.0146773	0.0252132	0.0611674	0.0147275	0.0260775	0.27225	0.0226431	0.0480248	0.0474384	0.00899108	0.0321961	0.0120173	0.015748	0.0126158	0.0830784	0.134308	0.0298682	0.154112	0.0635785	0.0154648	0.0109468	0.0347594	0.00817977	0.0120862	0.0262957	0.01694	0.00522554	0.0142328	0.0359802
0.0696174	0.0271532	0.274572	0.0528873	0.000140368	0.0172563	0.0642599	0.0366717	0.0184792	0.158553	0.0268254	0.0548106	0.00992717	0.0383029	0.00902655	0.0295259	0.0279942	0.00747894	0.0673946	0.0479727	0.00661606	0.0170248	0.018428	0.0348513	0.118545	0.0633402	0.0650894	0.012735	0.0134377	0.0132157	0.00686778	0.0392085	0.00973497	0.0123587	0.0487669	0.0144919	0.0371274	0.0220052	0.0223698	0.0298795	0.027937	0.0625217	0.100563	0.109439	0.101958	0.00500055	0.0670303	0.0129758	0.0108389	0.147899	0.116076	0.0234931	0.0146507	0.0094786	0.0461823	0.046455	0.0253781	0.0397624	0.00691685	0.0177657	0.0242119	0.128774	0.00786773	0.00723782	0.0331433	0.00699604	0.00982273	0.0393766	0.00535677	0.0170621	0.0680115	0.0208509	0.0143753	0.0194831	0.0368213	0.00786541	0.0179872	0.015449	0.0179228	0.0434133	0.00790016	0.0947139	0.0233768	0.0342285	0.0361248	0.0268298	0.0237447	0.0455876	0.0276818	0.0162938	0.0254476	0.0563949	0.0299867	0.134624	0.0363079	0.0480637	0.0967908	0.0326398	0.0465864	0.281404	0.0489989	0.0364093	0.0558348	0.11844	0.0592661	0.0175604	0.0366659	0.0325179	0.0432274	0.0245786	0.0209796	0.0242831	0.00661208	0.18242	0.115841	0.00489203	0.094313	0.0620958	0.055171	0.0614301	0.251846	0.141118	0.00128122	0.00432015	0.259801	0.122684	0.011064	0.0551407	0.0552539	0.0728287	0.0679198	0.0824752	0.0490981	0.0489423	0.00448744	0.0346103	0.204186	0.00151626	0.217126	0.191092	0.00283401	0.0573065	0.10689	0.0758384	0.00220305	0.0663665	0.0477743	0.00153715	0.024006	0.071414	0.286595	0.000837809	0.054338	0.0608339	0.018684	0.0490685	0.1381	0.126452	0.114657	0.0288247	0.09689	0.149339	0.0549833	0.107963	0.00275249	0.049495	0.00220167	0.00812831	0.0519568	0.0751709	0.101201	9.98104e-05	0.132985	0.0779961	0.166085	0.133668	0.0572558	0.0144179	0.0139819	0.032188	0.0173995	0.0338201	0.0405877	0.0798586	0.0843084	0.054465	0.0305778	0.0485013	0.0133724	0.0419375	0.0306195	0.049333	0.0439105	0.0186594	0.0218284	0.201794	0.0680941	0.0762451	0.018719	0.0240403	0.0174913	0.0234064	0.0404284	0.207696	0.0612007	0.054601	0.0184743	0.0260966	0.257796	0.03015	0.0222815	0.0393955	0.0506986	0.0333285	0.0205495	0.0351436	0.113999	0.0194762	0.0419682	0.0394743	0.0307197	0.0537286	0.039617	0.00969597	0.0325539	0.110001	0.0517389	0.00642203	0.144626	0.0191255	0.0223495	0.0454979	0.0272359	0.0174866	0.0304911	0.103213	0.086564	0.0419999	0.0359114	0.0315199	0.0263121	0.0267084	0.054114	0.366193	0.0396064	0.0178066	0.0278865	0.0109833	0.076005	0.0246127	0.0151772	0.0289566	0.0195138	0.0303343	0.0701658	0.0126244	0.218802	0.147521	0.00916743	0.0714501	0.0191576	0.271197	0.0267913
0.0998282	0.190422	1.76197e-05	0.111033	9.27553e-05	0.121858	0.00222815	9.9365e-05	0.203798	0.0702158	0.0166627	0.0119849	0.00933719	0.0418698	0.00833283	0.00763997	0.00290394	0.00399405	0.0274798	0.004101	0.00932909	0.159232	0.113245	0.0497864	0.0666542	0.0278614	0.01634	0.0462725	0.0233079	0.00800046	0.00818173	0.639031	0.308402	0.144472	0.0524485	0.0421745	0.0991637	0.032337	0.214699	0.00657271	0.00924118	0.0106138	0.0736721	0.2421	0.133982	0.0972994	0.0880189	0.0249251	0.0202771	0.0241523	0.0976086	0.0172966	0.00432115	0.0409265	0.0206641	0.0365842	0.0816967	0.395445	0.02025	0.00919198	0.0661321	0.0102115	0.0107964	0.00686668	0.0119415	0.0129878	0.0155136	0.0017536	0.00385047	0.095293	0.555502	0.0246798	0.0261954	0.00760678	0.0373153	0.00335797	0.00525765	0.00667859	0.0355519	0.0121413	0.00732506	0.0208279	0.0171408	0.0279658	0.0310111	0.0222398	0.062834	0.151003	0.0271315	0.00571399	0.0173621	0.036855	0.0119387	0.146836	0.00928687	0.0115171	0.027791	0.0185183	0.218172	0.025592	0.00691599	0.0170365	0.0408312	0.0241597	0.0526496	0.0337035	0.00306904	0.0413118	0.0970881	0.0792041	0.00891468	0.154517	0.0247263	0.00483837	0.128519	0.000955002	0.0215308	0.0433052	0.0358423	0.0455696	0.0551513	0.104604	0.000900803	0.0024175	0.0886346	0.0579594	0.000873422	0.0450615	0.0452493	0.0335101	0.0869859	0.0740559	0.0546722	0.0371711	0.000326891	0.0406214	0.000511505	0.00123131	0.037384	0.199632	0.00234592	0.0567324	0.0418095	0.0557849	0.0023061	0.037617	0.0599414	0.00121597	0.00316846	0.0416762	0.161453	0.000648022	0.0493868	0.0167071	0.00450107	0.0531092	0.00257273	0.0190765	0.00920404	0.00647488	0.107152	0.00229007	0.0413489	0.00347524	0.0029511	0.0546569	0.0065438	0.00102979	0.00128292	0.0330971	0.0578176	9.98104e-05	0.271645	0.0742627	0.0413476	0.121709	0.0663297	0.158527	0.0590255	0.0191579	0.0408417	0.0604032	0.0245041	0.0291838	0.0212844	0.034713	0.0257242	0.0685614	0.0150564	0.0231931	0.00733951	0.0201926	0.0127779	0.00608204	0.105604	0.0474415	0.0747653	0.0119299	0.0103332	0.0208565	0.0244785	0.0378797	0.0231615	0.153297	0.0178879	0.057024	0.0639645	0.0153678	0.0172094	0.0167978	0.0382594	0.0142253	0.0326588	0.0321692	0.385211	0.0144711	0.00874935	0.00846583	0.0385523	0.0186549	0.0620014	0.0318372	0.0345496	0.0156693	0.0187442	0.0372921	0.0179159	0.00725145	0.0392238	0.0136081	0.019974	0.0444128	0.0229986	0.012418	0.0124717	0.225655	0.185394	0.0506207	0.0235778	0.0852023	0.0141649	0.0194611	0.0291533	0.024606	0.0147268	0.0108695	0.0361158	0.0192299	0.00934612	0.0175308	0.0699613	0.012925	0.0109642	0.0217865	0.014319	0.0158678	0.0145651	0.00734733	0.00418535	0.0445666	0.0156955	0.0451192	0.0128521
0.0333907	0.01974	0.0241014	0.000671216	0.463776	0.000108168	0.15497	0.197621	0.0118106	0.0139334	0.010188	0.00639722	0.00231714	0.0446902	0.00422781	0.0147764	0.143076	0.00129712	0.00128269	0.0204309	0.0221814	0.00869537	0.00167879	0.00965468	0.00297775	0.00542893	0.0112939	0.00214513	0.0150753	0.101222	0.0121367	0.0168419	0.0101473	0.00193375	0.00324011	0.00310583	0.0170134	0.00986281	0.00642082	0.00201724	0.00609899	0.000747209	0.0107838	0.00124646	0.00140834	0.00888884	0.00581721	0.00652141	0.299123	0.00333514	0.00107199	0.0026795	0.0202457	0.00922943	0.00526252	0.613308	0.00342231	0.00198036	0.0693294	0.0290891	0.00678839	0.00387641	0.00940859	0.0114278	0.667862	0.0110018	0.012868	0.0020644	0.246118	0.0132836	0.00793599	0.00754105	0.00781488	0.0184793	0.0287123	0.00495096	0.0071289	0.0267262	0.00038444	0.00947242	0.00660798	0.00588824	0.00723825	0.0364897	0.00677538	0.0185124	0.0153443	0.00657685	0.0472257	0.0072922	0.00865352	0.00620019	0.0188079	0.0226575	0.0133112	0.104256	0.0021812	0.00657798	0.0193276	0.0144144	0.0122998	0.00531691	0.0483237	0.0103947	0.00548933	0.0292404	0.00587307	0.00692924	0.0207297	0.00663068	0.0139346	0.00125488	0.0133421	0.00664852	0.00403725	0.00576141	0.000715031	0.000207071	0.000138518	0.000502749	0.00708401	0.00160323	0.00103665	0.899839	0.000239691	0.114813	0.000521257	0.0138504	0.0020298	0.00528019	0.000502534	0.0073741	0.0461849	0.0119498	0.000271422	0.0252809	0.000380377	0.00412017	0.000592431	0.000202342	0.00236758	0.0441133	0.00178111	0.0228659	0.000712369	0.000460953	0.0150357	0.000684611	0.0293661	0.00414977	0.000297895	0.000334534	0.00550581	0.0496589	0.0754631	0.0475021	0.00131672	0.00140215	0.00499122	0.0138102	0.0052927	0.00115159	0.0519556	0.000526988	0.000483069	0.0530404	0.00127089	0.00702713	0.186809	0.0230293	0.0980512	9.98104e-05	0.000242595	0.00025823	0.000644593	0.00040671	0.000175102	0.00129648	0.0464459	0.00702311	0.0341374	0.00794697	0.0109784	0.0144204	0.0193521	0.013221	0.00775218	0.0176634	0.0138471	0.0150428	0.00337456	0.00446843	0.0110311	0.0541804	0.0152327	0.0106691	0.00723582	0.0104469	0.0091935	0.027385	0.0150319	0.0151772	0.00905221	0.00451256	0.0209141	0.0053776	0.0125702	0.0374192	0.00753688	0.0155347	0.00852562	0.0097341	0.0204499	0.0231578	0.0103164	0.0185361	0.0109477	0.0232537	0.0313828	0.0262131	0.0242502	0.0247368	0.0263043	0.148847	0.335229	0.00814852	0.0168866	0.00376488	0.0125761	0.0144473	0.00883615	0.0228163	0.00844963	0.0116394	0.125147	0.0141616	0.00573293	0.00692589	0.0142164	0.00663471	0.0172189	0.0171549	0.0163888	0.0212362	0.0106017	0.00983008	0.0084243	0.015818	0.0124628	0.0112017	0.0221156	0.0228391	0.0348219	0.0101603	0.0055614	0.0362302	0.0147623	0.0222195	0.0558935	0.0186909	0.0234565	0.00772969	0.0243741
0.0645066	0.0285032	0.0165762	0.114949	0.126877	0.0232483	2.63847e-05	0.496825	0.0196479	0.0118194	0.0642405	0.0267389	0.354736	0.00805095	0.0736693	0.00693141	0.0466291	0.0776272	0.0431574	0.0191225	0.0464493	0.0416157	0.0366195	0.0134948	0.00941601	0.158157	0.0490621	0.0826633	0.0608557	0.0407691	0.061456	0.0185723	0.0129079	0.0187633	0.123024	0.104846	0.224757	0.0082991	0.0141922	0.0137257	0.0105502	0.118989	0.0281417	0.0353645	0.0252085	0.0586612	0.0604853	0.00662885	0.0434977	0.0473502	0.0289696	0.136685	0.00610794	0.0229865	0.00517777	0.00818613	0.0083237	0.00965286	0.0540157	0.0529064	0.0101207	0.0114631	0.0132273	0.122401	0.036597	0.00671793	0.0167315	0.0973789	0.0056941	0.0152838	0.0104587	0.149265	0.0161264	0.0119795	0.052273	0.213791	0.117858	0.018667	0.135852	0.00718374	0.0751981	0.0176211	0.0319451	0.0109722	0.0111522	0.0336425	0.0238402	0.006653	0.0102295	0.0288705	0.0796297	0.00530699	0.00746686	0.0231857	0.027444	0.00981998	0.0961102	0.00959718	0.0214125	0.00966768	0.0134922	0.137524	0.0112907	0.192544	0.0637061	0.0566971	0.00919872	0.093663	0.0273173	0.00267627	0.0868519	0.00961235	0.304474	0.0155251	0.00407849	0.0176759	0.00629207	0.0507865	0.0554052	0.0544067	0.0336467	0.00380277	0.0050857	0.0150605	0.00123772	0.0178816	0.00993582	0.0575751	0.057487	0.0680268	0.0672066	0.0466564	0.0503563	0.0597764	0.0858628	0.0565696	0.000867339	0.0773414	0.00544267	0.000470585	0.0311651	0.0501693	0.0945527	0.0409513	0.00137736	0.0606822	0.049128	0.0222139	0.33037	0.083844	0.000666247	0.123055	0.0484136	0.0773836	0.0743104	0.0486963	0.19267	0.0509556	0.0460153	0.166006	0.0013651	0.00336494	0.0513391	0.000363038	0.0171558	0.0461755	0.0091286	0.0344904	0.0529966	0.0634768	0.0585977	9.98104e-05	0.000447472	0.0800446	0.00387988	0.00600083	0.064734	0.00131206	0.0229364	0.0279003	0.0435128	0.0139251	0.200509	0.0208843	0.0385716	0.0137471	0.0787076	0.040884	0.147488	0.0410022	0.0747922	0.0290716	0.0160491	0.045914	0.132441	0.016501	0.0320925	0.0603112	0.152058	0.0499629	0.194149	0.014599	0.177569	0.0156889	0.0497799	0.099166	0.0480969	0.0974184	0.0247242	0.0140226	0.0247365	0.0351452	0.0411916	0.0330258	0.0210578	0.0335995	0.0858885	0.0336076	0.0145446	0.0388013	0.0667439	0.0311415	0.0230232	0.0540395	0.0811417	0.0195216	0.0675254	0.111937	0.0657902	0.0306429	0.024791	0.0365198	0.39624	0.0304979	0.049507	0.0282839	0.0288162	0.019033	0.0436933	0.162124	0.00872932	0.0292021	0.0395596	0.0111579	0.0231596	0.385944	0.109583	0.189673	0.0246507	0.0472283	0.111156	0.0389853	0.0810138	0.100365	0.0112695	0.023179	0.00460052	0.0493358	0.109642	0.0268469	0.223589	0.0200668	0.0397182
0.0204124	0.0154877	0.0031406	0.0486663	0.0596019	0.0142122	0.0204758	0.246697	0.00984303	0.0044676	0.0128327	0.00273991	0.125952	0.0288411	0.0164173	0.0435953	0.287956	0.0385131	0.0276299	0.0412226	0.0790389	0.0242183	0.0159989	0.0205012	0.0649809	0.0174706	0.0166086	0.12974	0.0179824	0.0992689	0.186201	0.0193832	0.0316704	0.00571021	0.0540491	0.119838	0.087646	0.010436	0.00467643	0.0603222	0.0136123	0.0840509	0.0146605	0.0334718	0.0320703	0.0908374	0.0250956	0.00918739	0.00675184	0.0659768	0.0255651	0.0108583	0.00233455	0.00441251	0.00189	0.00649599	0.0223631	0.0116015	0.0178161	0.0876203	0.0122619	0.0453011	0.0141675	0.00883186	0.00749339	0.0278938	0.047547	0.0811717	0.0017256	0.0504843	0.0106768	0.015255	0.0130303	0.0111739	0.0362187	0.372587	0.506883	0.0173451	0.0301704	0.0208693	0.19908	0.127872	0.0234411	0.0193594	0.0313456	0.0167491	0.0488228	0.00706946	0.0313554	0.0344651	0.0190697	0.0761608	0.0487622	0.117477	0.009759	0.0150895	0.0307301	0.0164286	0.0107099	0.0272561	0.0137141	0.0623839	0.017748	0.0126648	0.0516458	0.0437255	0.00925017	0.0257256	0.137702	0.0741845	0.0742379	0.0652397	0.0512629	0.145579	0.0165174	0.326321	0.0517472	0.0533818	0.0632533	0.0540851	0.0966506	0.0386648	0.00071669	0.00390399	0.00987436	0.029402	0.00736123	0.0561989	0.0622083	0.0564149	0.00272608	0.0740061	0.0481768	0.0666294	0.00242314	0.0506559	0.00865454	0.0057463	0.0289448	0.000778726	0.00491787	0.0524866	0.0830882	0.0572029	0.0011961	0.0588756	0.0541397	0.00531885	0.558358	0.0711179	0.00078704	0.00182313	0.0452085	0.0810025	0.0748744	0.0503175	0.0392143	0.0281038	0.185715	0.0265905	0.00144557	0.149645	0.0434054	0.000950855	0.000352543	0.0422685	0.00185141	0.0179206	0.0350459	0.0457649	0.0256755	9.98104e-05	0.0010375	0.0214535	0.0948903	0.0809482	0.0716208	0.00165001	0.0173634	0.0399507	0.015709	0.0743813	0.0196817	0.0695282	0.0371462	0.0191184	0.0430784	0.128556	0.287212	0.0177069	0.032846	0.0378117	0.0330934	0.07216	0.0137448	0.0390286	0.120284	0.0895591	0.227761	0.016189	0.226571	0.0173597	0.0206721	0.109007	0.0425099	0.0229815	0.0508521	0.397763	0.0381889	0.0194371	0.0345792	0.0143402	0.0500582	0.209423	0.0284704	0.0277024	0.040433	0.0217241	0.0214844	0.041687	0.026273	0.0156452	0.0538769	0.015065	0.105328	0.0394313	0.0740056	0.113646	0.145977	0.0225781	0.026969	0.0223783	0.0388316	0.0658573	0.0332481	0.0277053	0.11677	0.0390216	0.0135531	0.0180544	0.0160745	0.0704569	0.0502338	0.0313044	0.0159859	0.0886629	0.0196558	0.0535153	0.038882	0.0180708	0.0578748	0.0629479	0.035412	0.0419082	0.0682452	0.0520618	0.0555144	0.0544618	0.042889	0.0332947	0.0395672	0.0234733	0.0617938
0.0163518	0.130966	0.0362785	0.15594	0.000286635	0.0158791	0.00127974	0.000120457	0.019263	0.100468	0.0369841	0.0044079	0.00895844	0.0194091	0.0570952	0.0118937	0.0193516	0.0140891	0.0093869	0.0113432	0.00564416	0.0126765	0.0319676	0.0171759	0.110486	0.00575219	0.0360477	0.0232129	0.0377812	0.00437368	0.0226741	0.0299989	0.0393879	0.0123155	0.00684915	0.043885	0.00391735	0.0175261	0.498428	0.0451931	0.0104929	0.00374066	0.0165629	0.0619917	0.0556547	0.184339	0.00485716	0.78914	0.0066084	0.0759413	0.221393	0.00872006	0.0574272	0.0180277	0.247611	0.0132922	0.100072	0.145336	0.0117797	0.0178222	0.0126507	0.0020552	0.0224062	0.0124788	0.0167728	0.0271941	0.0100463	0.0056557	0.00804791	0.0252307	0.0256272	0.0836915	0.0040183	0.0128484	0.00967836	0.00258112	0.00762145	0.0182933	0.00166168	0.0119041	0.00443099	0.00925328	0.0180122	0.09479	0.015386	0.0239069	0.0377011	0.0268297	0.514002	0.0221784	0.0227206	0.0120923	0.0403319	0.0693659	0.013424	0.014438	0.0209271	0.0363166	0.00554979	0.0516326	0.0110388	0.00263461	0.118327	0.0304294	0.0347134	0.0162422	0.00427876	0.00333221	0.0205997	0.0156854	0.0126844	0.0151335	0.0234611	0.00300959	0.271496	0.000480733	0.0528783	0.056678	0.0343818	0.0627376	0.05759	0.117185	0.00154949	0.000546999	0.00011659	0.000742959	0.000493059	0.0545958	0.0262321	0.0226724	0.0284155	0.0697887	0.0489551	0.0301451	0.000469764	0.0487874	0.000204986	0.00178684	0.000595625	0.00378327	0.0010605	0.0502187	0.000169274	0.0888789	0.000499644	0.0470581	0.0521412	0.00123493	0.000583598	0.0187505	0.000297653	0.000615046	0.0499612	0.00605547	0.012354	0.0492696	0.000824733	0.0136296	0.00769108	0.025204	0.00149947	0.000408388	0.0397797	0.000946232	0.000870141	0.0486448	0.00413406	0.00178166	0.000519905	0.0119387	0.00970339	9.98104e-05	0.000989687	0.0127341	0.000268624	0.0057278	0.0786209	0.694297	0.00803017	0.0657319	0.0156722	0.0538992	0.0075148	0.0147481	0.0493922	0.039856	0.0701237	0.0249728	0.0133306	0.0338547	0.0939333	0.012925	0.0161244	0.0159294	0.0561971	0.0189497	0.0278101	0.0058856	0.0114662	0.0196382	0.0203538	0.022183	0.0173623	0.0168339	0.0170703	0.0611312	0.0242332	0.0155072	0.0159152	0.0445266	0.0417683	0.0363955	0.0515202	0.0291549	0.0528153	0.0181318	0.00934309	0.0107251	0.0188627	0.0593641	0.0363694	0.0211688	0.028676	0.0367072	0.0157654	0.0255553	0.0524465	0.00552994	0.0357418	0.0161985	0.0196855	0.00990298	0.0277332	0.00750592	0.0332917	0.0322974	0.0322914	0.0622438	0.0385368	0.0181333	0.0252	0.0229549	0.0282586	0.00986839	0.0339945	0.0111386	0.428275	0.015774	0.0182896	0.0380523	0.0346188	0.02549	0.00698987	0.00654953	0.00983969	0.0362502	0.00729681	0.00885145	0.0166532	0.0399598	0.0241901	0.0353562	0.0190181
0.0538687	0.0050039	0.0186492	0.152731	0.000115606	0.540838	0.00242141	0.00357166	0.0493259	0.0883484	0.00727518	0.024729	0.0141706	0.0465427	0.0153757	0.0165537	0.00460707	0.00643636	0.07736	0.0147362	0.00986912	0.0185719	0.046316	0.613128	0.0039551	0.0656203	0.0176807	0.260176	0.0826749	0.00254541	0.0477957	0.0431279	0.412396	0.0502941	0.0376554	0.0722987	0.00601638	0.00735497	0.0915111	0.0126552	0.00676836	0.0419665	0.218498	0.159802	0.073353	0.0608195	0.0122187	0.0328095	0.00386096	0.0423136	0.03204	0.00719757	0.00532317	0.007419	0.0686348	0.0044054	0.328381	0.0256591	0.101213	0.031738	0.0156151	0.0147563	0.0358658	0.0506288	0.00911313	0.0121538	0.0205121	0.00297282	0.152753	0.410533	0.0181207	0.0341442	0.0242336	0.0138063	0.0234805	0.00454659	0.00952233	0.0196062	0.00228233	0.0105226	0.0669324	0.00683578	0.0371937	0.0725198	0.0114799	0.0198091	0.0493083	0.0113077	0.0275591	0.00843624	0.0128311	0.00986908	0.00872338	0.0639677	0.00614142	0.0102008	0.0266343	0.10458	0.0594945	0.0279532	0.0168065	0.0151329	0.414624	0.0433212	0.0285289	0.00919904	0.00642829	0.066552	0.140333	0.0330856	0.00939528	0.00395919	0.00501981	0.0150717	0.0485255	0.000595428	0.0646044	0.040811	0.0433899	0.0365628	0.105652	0.108661	0.000904097	0.00180023	0.00137682	0.00314853	0.000523903	0.0520766	0.0467127	0.039789	0.124352	0.0704842	0.0546562	0.0497987	0.00174566	0.0543361	0.000378848	0.00126023	0.108504	0.0030085	0.00169009	0.0551846	0.000276797	0.0692034	0.00234211	0.0377492	0.0647886	0.00219341	0.00256023	0.0619313	0.0923911	0.00032728	0.0546164	0.0199719	0.0250886	0.0476158	0.00577676	0.0330565	0.0147476	0.00457513	0.00209321	0.00119165	0.0472589	0.00130506	0.00116745	0.0520602	0.00144572	0.000755424	0.00389323	0.0482239	0.0514864	9.98104e-05	0.0054671	0.0742188	0.000425127	0.134066	0.0745118	0.0921401	0.220869	0.0154781	0.0119268	0.0141015	0.0531658	0.0146578	0.0179175	0.337396	0.0273031	0.133592	0.0142182	0.0756895	0.0235506	0.00785822	0.0170043	0.0562112	0.0476821	0.0316406	0.208155	0.0246038	0.027165	0.0256875	0.0179121	0.599927	0.0310154	0.0246318	0.0127506	0.0192264	0.0244376	0.0183821	0.0219567	0.0416301	0.0559136	0.0276002	0.0300922	0.010355	0.0396187	0.0097775	0.0153827	0.00897415	0.0309886	0.0199315	0.297808	0.0165732	0.017403	0.0296594	0.0182266	0.00440254	0.0151163	0.0271038	0.0127358	0.0318975	0.0138739	0.0250495	0.0255409	0.0108632	0.0241519	0.0872247	0.0274042	0.0104759	0.0352092	0.0594792	0.0216915	0.0191143	0.0167639	0.0187386	0.0247702	0.0142052	0.0331977	0.0222646	0.0303635	0.0109586	0.0181977	0.0133172	0.00645132	0.0127148	0.01702	0.052973	0.00541352	0.0114078	0.0374561	0.0172177	0.0272348	0.206732	0.027784
0.0290683	0.023475	1.76197e-05	0.0599152	9.27553e-05	0.127916	0.108824	9.9365e-05	0.0143185	0.0382885	0.0263559	0.0279086	0.0201823	0.0547151	0.0154847	0.00821227	0.00374726	0.0160253	0.0295844	0.0307377	0.02617	0.00657444	0.0278388	0.0286127	0.0396513	0.0260996	0.0360191	0.0338558	0.011548	0.0408297	0.0473985	0.0154364	0.00881624	0.26448	0.0154786	0.0818706	0.104656	0.0392134	0.0358822	0.012094	0.0117101	0.0859513	0.0181114	0.0434071	0.145812	0.0419146	0.113211	0.00464137	0.00661466	0.00200976	0.0314654	0.0191028	0.00671442	0.00497229	0.0434043	0.00672429	0.0111095	0.00813821	0.015926	0.0147096	0.170775	0.0393693	0.0170139	0.0241295	0.0183733	0.00916531	0.0108584	0.00678682	0.0247991	0.0331922	0.0747246	0.0146397	0.00926257	0.0483954	0.0471482	0.00577606	0.0163973	0.0393821	0.0300524	0.209535	0.00986587	0.0384131	0.141942	0.0126198	0.0232743	0.0118951	0.0253197	0.118713	0.0156981	0.0604487	0.0120446	0.252384	0.0566526	0.0080667	0.29597	0.00784517	0.189737	0.00707344	0.236463	0.0122436	0.039324	0.122996	0.00812249	0.0326748	0.112684	0.00605054	0.132923	0.021689	0.100508	0.0174773	0.0499138	0.289105	0.00652676	0.0111531	0.0509183	0.354134	0.118334	0.049736	0.0522521	0.0535522	0.00660543	0.125484	0.000584753	0.0038829	0.207154	0.143781	0.00434604	0.0426674	0.0535063	0.0630226	0.00186433	0.0911876	0.0482473	0.053308	0.00284919	0.0554921	0.242457	0.00981581	0.0646301	0.182718	0.0117565	0.0461955	0.137794	0.0618011	0.00115534	0.0460567	0.0506115	0.00207275	0.00179136	0.0827256	0.149012	0.011683	0.0514855	0.00304415	0.0144277	0.0524001	0.00223624	0.0130553	0.325298	0.006949	0.207051	0.156186	0.0523068	0.20792	0.0019626	0.0304059	0.00356184	0.00756183	0.00898378	0.0126419	0.0345351	9.98104e-05	0.196748	0.0613704	0.153579	0.154888	0.0183452	0.00129271	0.0471515	0.0358849	0.043783	0.0413742	0.00966834	0.067013	0.0165725	0.0107856	0.0756506	0.0300158	0.0414945	0.0200533	0.0650165	0.148074	0.0193733	0.0384294	0.0235505	0.0331704	0.0555279	0.135648	0.0847484	0.0118778	0.0464092	0.0143709	0.0191334	0.0942318	0.0778625	0.0122815	0.0296214	0.030348	0.0682169	0.0237812	0.0173984	0.00876757	0.0276035	0.0670083	0.042331	0.0196057	0.0232315	0.0637455	0.0375325	0.039635	0.0193	0.0171518	0.447105	0.0201391	0.0455392	0.0666255	0.042439	0.106214	0.208454	0.0128678	0.0224387	0.0382393	0.0253365	0.0289667	0.0428671	0.0201949	0.0482019	0.120986	0.0225011	0.0164399	0.0225481	0.0527654	0.0362136	0.0760474	0.0243254	0.0667796	0.0211777	0.0262257	0.0362383	0.0110159	0.0302823	0.0161087	0.0292535	0.0476451	0.315823	0.0784624	0.139216	0.0394458	0.0287245	0.0255954	0.0230882	0.0918278	0.0320518
