4.762311279773712158e-02	6.440507620573043823e-02	2.810236625373363495e-02	2.120294421911239624e-02	5.241633206605911255e-02	1.176184266805648804e-01	1.564974710345268250e-02	2.243642508983612061e-02	5.463491752743721008e-02	1.161782965064048767e-01	5.408220738172531128e-02	1.315763033926486969e-02	2.260740846395492554e-02	1.059984788298606873e-01	3.267247229814529419e-02	1.133626792579889297e-02	3.834672570228576660e-01	5.711061954498291016e-01	3.044137544929981232e-02	3.692892193794250488e-01	1.628228127956390381e-01	1.747479662299156189e-02	1.934046484529972076e-02	1.625812947750091553e-01	6.390748918056488037e-02	7.126841694116592407e-02	1.405657082796096802e-01	1.611118577420711517e-02	1.330182515084743500e-02	7.284565269947052002e-02	4.101192578673362732e-02	4.335638880729675293e-02	4.212232679128646851e-02	2.570967972278594971e-01	1.655157096683979034e-02	3.853164985775947571e-02	9.531167149543762207e-02	9.668520092964172363e-02	2.064281105995178223e-01	5.458051711320877075e-02	1.054289191961288452e-02	8.678717911243438721e-02	7.549805194139480591e-02	5.408260598778724670e-02	1.310057286173105240e-02	5.502126738429069519e-02	1.027138717472553253e-02	4.284508526325225830e-02	3.712169826030731201e-02	2.119299471378326416e-01	3.475927934050559998e-02	1.190106794238090515e-01	4.868487268686294556e-02	9.930722415447235107e-02	2.016413807868957520e-01	4.411838948726654053e-02	4.032620787620544434e-02	4.524391889572143555e-02	4.632669091224670410e-01	1.720223724842071533e-01	8.514817059040069580e-02	1.247407346963882446e-01	2.586858533322811127e-02	6.005854532122612000e-02
2.300793975591659546e-01	3.938093408942222595e-02	1.403530500829219818e-02	3.264415860176086426e-01	5.478051025420427322e-03	3.723606839776039124e-02	1.720649190247058868e-03	1.099975034594535828e-02	9.331015869975090027e-03	3.022115491330623627e-02	1.927377842366695404e-02	2.943988190963864326e-03	1.747016562148928642e-03	1.879833824932575226e-02	1.125720515847206116e-02	3.667754819616675377e-03	1.330195553600788116e-02	3.045824589207768440e-03	4.365022759884595871e-03	5.026763770729303360e-03	1.455142162740230560e-02	1.828437321819365025e-03	4.978612065315246582e-01	4.240163043141365051e-02	1.601268798112869263e-01	3.305697441101074219e-02	3.983234521001577377e-03	2.132337540388107300e-03	4.315146245062351227e-03	1.355814635753631592e-01	1.005347818136215210e-03	1.983874291181564331e-02	2.613349817693233490e-02	4.433251917362213135e-03	5.213152151554822922e-03	5.554859712719917297e-02	8.275580406188964844e-02	5.359939485788345337e-02	1.028328482061624527e-02	7.198078557848930359e-03	6.570859346538782120e-03	4.612169414758682251e-02	1.811109483242034912e-02	8.234027773141860962e-02	3.231138689443469048e-03	2.002200186252593994e-01	5.775739438831806183e-03	8.313205908052623272e-04	2.876008860766887665e-02	2.393405418843030930e-03	2.586638554930686951e-02	3.117849864065647125e-02	4.770551249384880066e-02	2.441334538161754608e-02	1.279050670564174652e-02	6.086210906505584717e-02	3.725264687091112137e-03	1.575670540332794189e-01	1.324472366832196712e-03	7.173118647187948227e-03	7.236436009407043457e-02	4.913409356959164143e-04	1.730893366038799286e-02	1.843589358031749725e-02
5.172720924019813538e-02	5.764375999569892883e-02	8.284875191748142242e-03	2.942541800439357758e-02	4.946770612150430679e-03	6.470265984535217285e-02	1.664157141931355000e-03	1.363812536001205444e-01	9.132074192166328430e-03	4.386057332158088684e-02	5.978606641292572021e-02	2.466797595843672752e-03	1.746583264321088791e-03	1.548644527792930603e-02	2.596756443381309509e-02	2.116867341101169586e-03	1.891569793224334717e-02	5.144088994711637497e-03	6.573717109858989716e-03	8.432747796177864075e-03	2.301558293402194977e-02	1.512685907073318958e-03	2.021475881338119507e-02	6.819883733987808228e-02	4.820679500699043274e-02	3.757755458354949951e-02	5.798748228698968887e-03	1.815290423110127449e-03	4.841169808059930801e-03	5.953051522374153137e-02	1.453139819204807281e-03	1.731144078075885773e-02	3.629593849182128906e-01	6.983797531574964523e-03	4.791253246366977692e-03	1.014285609126091003e-01	3.633832558989524841e-02	5.716708302497863770e-02	3.291050717234611511e-02	2.495379932224750519e-02	9.367425926029682159e-03	3.634516149759292603e-02	1.156316623091697693e-01	1.621544659137725830e-01	2.134287962689995766e-03	2.465626597404479980e-02	5.874526686966419220e-03	1.186160603538155556e-03	1.179809868335723877e-01	4.304349422454833984e-03	4.242547228932380676e-02	4.092963784933090210e-02	1.322703342884778976e-02	1.958177983760833740e-02	1.972772926092147827e-02	3.749197721481323242e-02	3.540435805916786194e-03	2.699530310928821564e-02	4.415189847350120544e-03	9.518142789602279663e-03	4.528744146227836609e-02	8.290443802252411842e-04	1.095005869865417480e-02	2.065217308700084686e-02
2.615714445710182190e-02	1.671202182769775391e-01	4.175698850303888321e-03	7.493221201002597809e-03	1.938583794981241226e-03	2.535105124115943909e-02	7.616223301738500595e-04	5.534908771514892578e-01	4.755876492708921432e-03	3.524102643132209778e-02	2.905527353286743164e-01	1.141799381002783775e-03	9.605573723092675209e-04	1.406848616898059845e-02	2.324327230453491211e-01	1.144434907473623753e-03	1.322641130536794662e-02	2.275595907121896744e-03	5.624166224151849747e-03	3.393743187189102173e-03	8.667284622788429260e-03	7.614869973622262478e-04	5.300604738295078278e-03	3.503777086734771729e-02	4.117528349161148071e-02	1.614458113908767700e-02	2.290432807058095932e-03	1.016567577607929707e-03	2.026160713285207748e-03	5.562627688050270081e-02	5.915829678997397423e-04	8.062351495027542114e-03	8.864470571279525757e-02	3.610875457525253296e-03	2.436199458315968513e-03	2.695680037140846252e-02	2.898886427283287048e-02	1.394371092319488525e-01	9.342045523226261139e-03	6.390493828803300858e-03	3.034995170310139656e-03	4.966001585125923157e-02	5.263166129589080811e-02	9.870522469282150269e-02	1.219618134200572968e-03	9.104329161345958710e-03	2.651991555467247963e-03	4.251881618984043598e-04	9.697130322456359863e-02	1.540865283459424973e-03	1.453181076794862747e-02	8.757548034191131592e-02	6.711272057145833969e-03	1.360691711306571960e-02	7.419194094836711884e-03	2.803440950810909271e-02	1.355885877273976803e-03	1.123632490634918213e-02	1.111357240006327629e-03	4.529663361608982086e-03	2.986737340688705444e-02	3.188872942700982094e-04	6.359717808663845062e-03	1.103314664214849472e-02
9.508109651505947113e-03	6.435153540223836899e-03	7.842287421226501465e-03	3.335538087412714958e-03	1.375799532979726791e-02	2.104503847658634186e-02	6.363841705024242401e-03	3.444202709943056107e-03	8.075576275587081909e-03	1.322358567267656326e-02	1.412000623531639576e-03	7.155382540076971054e-03	8.446319028735160828e-03	5.559558980166912079e-03	2.218588488176465034e-03	4.421870689839124680e-03	1.370572485029697418e-02	2.290256507694721222e-02	2.099510747939348221e-03	6.859888881444931030e-02	1.535347010940313339e-02	6.152413319796323776e-03	8.532343432307243347e-03	6.303504575043916702e-03	3.099931869655847549e-03	1.534821558743715286e-02	3.702069818973541260e-02	1.049214624799787998e-03	7.035201415419578552e-03	2.802170114591717720e-03	6.096752360463142395e-03	1.739627122879028320e-02	1.246286649256944656e-02	9.890736080706119537e-03	8.591349236667156219e-03	1.266291365027427673e-02	5.934083368629217148e-03	1.514074509032070637e-03	5.309642851352691650e-02	9.139336645603179932e-03	1.590943150222301483e-02	5.209777038544416428e-03	8.300715126097202301e-03	4.980441648513078690e-03	9.232350857928395271e-04	7.326836697757244110e-03	3.351692343130707741e-03	7.313458714634180069e-03	3.415873739868402481e-03	2.378283068537712097e-02	1.708298921585083008e-02	2.823259681463241577e-03	6.695665419101715088e-03	9.109451435506343842e-03	3.789256140589714050e-02	8.782421238720417023e-03	1.016219519078731537e-02	7.279418408870697021e-03	1.898289658129215240e-02	9.749572724103927612e-03	1.714548096060752869e-02	1.546294428408145905e-02	1.380075328052043915e-02	5.342390537261962891e-01
7.442357391119003296e-02	7.456055283546447754e-02	1.703361608088016510e-02	5.254463851451873779e-02	5.743381101638078690e-03	3.481427207589149475e-02	1.893345732241868973e-03	1.737352088093757629e-02	1.019463688135147095e-02	2.281754091382026672e-02	5.417606979608535767e-02	4.952802322804927826e-03	1.838596654124557972e-03	2.281392365694046021e-02	5.563709512352943420e-02	4.071148578077554703e-03	1.445690449327230453e-02	3.595572430640459061e-03	2.657181816175580025e-03	5.821018945425748825e-03	1.632026769220829010e-02	2.193506574258208275e-03	4.897459223866462708e-02	6.197622045874595642e-02	1.207544133067131042e-01	6.307900696992874146e-02	4.704433027654886246e-03	1.777256606146693230e-03	4.214824642986059189e-03	9.585862606763839722e-02	1.353187137283384800e-03	1.863443106412887573e-02	2.863182127475738525e-02	4.056137055158615112e-03	6.392832379788160324e-03	7.621990889310836792e-02	6.692749261856079102e-02	9.752199053764343262e-02	1.127795968204736710e-02	6.944268010556697845e-03	6.453895475715398788e-03	7.420336455106735229e-02	2.008401043713092804e-02	6.849391758441925049e-02	3.585296683013439178e-03	7.617293298244476318e-02	5.235302262008190155e-03	1.478182617574930191e-03	2.789231203496456146e-02	3.180335741490125656e-03	2.875489741563796997e-02	4.684677347540855408e-02	3.519324958324432373e-02	2.817339822649955750e-02	1.412956602871417999e-02	3.142164945602416992e-01	3.757700091227889061e-03	6.916220486164093018e-02	2.133067930117249489e-03	9.321201592683792114e-03	5.004906654357910156e-02	7.262015715241432190e-04	1.157894264906644821e-02	1.382103189826011658e-02
4.773465171456336975e-02	2.406379729509353638e-01	8.506164886057376862e-03	2.116063609719276428e-02	3.515414195135235786e-03	3.071232698857784271e-02	1.376615371555089951e-03	9.145643562078475952e-02	9.687918238341808319e-03	3.243921324610710144e-02	3.011724352836608887e-01	2.175206551328301430e-03	1.627453370019793510e-03	1.963672600686550140e-02	5.046552419662475586e-01	1.875076326541602612e-03	1.802666857838630676e-02	3.328543389216065407e-03	4.174333065748214722e-03	5.073066800832748413e-03	1.427806075662374496e-02	1.372058875858783722e-03	1.341569889336824417e-02	5.813088640570640564e-02	1.196957901120185852e-01	2.935081906616687775e-02	3.769490635022521019e-03	1.637383713386952877e-03	2.839125227183103561e-03	1.112851426005363464e-01	8.515592198818922043e-04	1.210480369627475739e-02	2.899549901485443115e-02	4.177841357886791229e-03	3.586865961551666260e-03	2.792994119226932526e-02	5.032516270875930786e-02	2.600770890712738037e-01	8.777145296335220337e-03	5.930613726377487183e-03	3.508932422846555710e-03	1.267273724079132080e-01	2.467644400894641876e-02	7.671613991260528564e-02	1.984435366466641426e-03	3.398940712213516235e-02	3.555282717570662498e-03	6.486201309598982334e-04	4.991008341312408447e-02	2.251135651022195816e-03	1.599974185228347778e-02	1.109036803245544434e-01	2.461457252502441406e-02	2.317961864173412323e-02	1.032609026879072189e-02	1.010571047663688660e-01	2.095209434628486633e-03	3.194762393832206726e-02	1.477771089412271976e-03	6.180325988680124283e-03	4.331874474883079529e-02	4.497389309108257294e-04	8.603504858911037445e-03	1.231241598725318909e-02
2.912544459104537964e-02	3.575048595666885376e-02	6.356135476380586624e-03	1.094702351838350296e-02	7.788911461830139160e-03	3.865810111165046692e-02	1.298643182963132858e-03	2.453026361763477325e-02	7.287034299224615097e-03	4.165871739387512207e-01	3.172142058610916138e-02	2.107145730406045914e-03	1.606061006896197796e-03	2.005524933338165283e-02	1.585174724459648132e-02	2.175146713852882385e-03	7.132162898778915405e-02	6.684787571430206299e-02	9.008495211601257324e-01	3.466019406914710999e-02	2.037503197789192200e-02	1.549845677800476551e-03	1.264336798340082169e-02	5.884224921464920044e-02	1.687447540462017059e-02	1.954926177859306335e-02	8.896518498659133911e-03	1.709594740532338619e-03	3.723767353221774101e-03	3.029371984302997589e-02	5.230784881860017776e-03	1.222395617514848709e-02	3.853842988610267639e-02	5.568647384643554688e-01	3.505815984681248665e-03	2.073251828551292419e-02	2.696792781352996826e-02	2.672914788126945496e-02	5.557616800069808960e-02	1.366492547094821930e-02	4.047036636620759964e-03	1.757168583571910858e-02	5.871080234646797180e-02	5.764549970626831055e-02	1.920522656291723251e-03	1.220284122973680496e-02	3.395844483748078346e-03	8.419461548328399658e-03	4.630131423473358154e-01	4.991758987307548523e-02	1.345951575785875320e-02	3.668101131916046143e-02	6.797082256525754929e-03	1.920269429683685303e-02	6.036098301410675049e-02	1.983119361102581024e-02	1.002991944551467896e-02	1.153771579265594482e-02	1.422408223152160645e-01	2.261655218899250031e-02	4.363857209682464600e-02	3.380548581480979919e-02	1.498956605792045593e-02	2.215909585356712341e-02
3.742006793618202209e-02	2.635619975626468658e-02	8.855891413986682892e-03	1.612448133528232574e-02	3.992007579654455185e-03	2.479828335344791412e-02	1.224477658979594707e-03	1.683726906776428223e-02	5.606446415185928345e-03	1.543674059212207794e-02	1.444100588560104370e-02	2.256424166262149811e-03	1.156443729996681213e-03	1.340802945196628571e-02	9.353266097605228424e-03	2.697696210816502571e-03	7.487832102924585342e-03	2.017732942476868629e-03	2.035564742982387543e-03	3.856896422803401947e-03	8.263419382274150848e-03	1.538189011625945568e-03	2.819187007844448090e-02	1.767636463046073914e-02	2.793569117784500122e-02	2.949123643338680267e-02	2.811687765643000603e-03	1.123182126320898533e-03	1.225622557103633881e-02	2.445604838430881500e-02	7.402613409794867039e-04	3.084420971572399139e-02	4.774130508303642273e-02	2.684240695089101791e-03	7.783885579556226730e-03	3.041250705718994141e-01	2.587541379034519196e-02	1.558438595384359360e-02	8.394199423491954803e-03	4.955390002578496933e-03	4.054971784353256226e-02	1.917855814099311829e-02	1.324741356074810028e-02	5.510911718010902405e-02	1.902566174976527691e-03	1.849121041595935822e-02	3.152386844158172607e-02	7.734995451755821705e-04	1.830830983817577362e-02	1.810712739825248718e-03	1.367994397878646851e-01	1.443964336067438126e-02	1.064951252192258835e-02	1.551347132772207260e-02	1.160132605582475662e-02	8.384067565202713013e-02	3.421594854444265366e-03	5.183219909667968750e-02	1.026321086101233959e-03	5.950941704213619232e-03	5.040796473622322083e-02	4.026984679512679577e-04	1.366172358393669128e-02	1.412836369127035141e-02
1.776706986129283905e-02	1.514324359595775604e-02	1.296835839748382568e-01	8.187937550246715546e-03	2.343428283929824829e-01	3.116708062589168549e-02	4.114474952220916748e-01	5.227090790867805481e-03	2.658429145812988281e-01	1.217700075358152390e-02	4.334537312388420105e-03	1.409630030393600464e-01	3.617325425148010254e-01	1.158976275473833084e-02	5.605717189610004425e-03	1.184050366282463074e-01	1.728161424398422241e-02	5.612711422145366669e-03	1.678484026342630386e-03	3.777783736586570740e-02	9.764183312654495239e-02	3.122193515300750732e-01	9.719724766910076141e-03	1.733210869133472443e-02	1.224093232303857803e-02	8.390805125236511230e-02	1.712774932384490967e-01	4.303683936595916748e-01	3.210132569074630737e-02	1.056685019284486771e-02	3.271757364273071289e-01	7.310881465673446655e-02	1.478375308215618134e-02	5.753785371780395508e-03	9.266295284032821655e-02	1.663430035114288330e-02	2.438496425747871399e-02	5.839229095727205276e-03	1.038911100476980209e-02	1.100926380604505539e-02	1.415231451392173767e-02	7.113375514745712280e-02	8.600787259638309479e-03	7.240741513669490814e-03	2.382250428199768066e-01	4.797616228461265564e-02	8.733686059713363647e-03	2.061812132596969604e-01	4.030236043035984039e-03	1.208378300070762634e-01	1.754314079880714417e-02	8.581587113440036774e-03	1.932953745126724243e-01	8.985454589128494263e-02	5.478920787572860718e-02	1.749508641660213470e-02	1.212752386927604675e-01	4.945593699812889099e-02	1.489308290183544159e-02	1.777529157698154449e-02	3.213250264525413513e-02	1.924816966056823730e-01	2.048866637051105499e-02	2.233811840415000916e-02
3.167400509119033813e-02	2.550646103918552399e-02	4.227538406848907471e-01	1.418818626552820206e-02	2.321622073650360107e-01	3.939288109540939331e-02	1.845319420099258423e-01	7.325848564505577087e-03	1.265157461166381836e-01	1.891146413981914520e-02	8.188632316887378693e-03	5.635057091712951660e-01	6.314910948276519775e-02	2.480394206941127777e-02	9.294966235756874084e-03	5.985172986984252930e-01	2.084347791969776154e-02	6.197606213390827179e-03	2.826282754540443420e-03	2.883655764162540436e-02	5.707982555031776428e-02	3.245918750762939453e-01	2.017229795455932617e-02	2.634432353079319000e-02	2.775201015174388885e-02	1.815385967493057251e-01	7.811053097248077393e-02	9.094161540269851685e-02	9.990164637565612793e-02	1.939694955945014954e-02	1.845120042562484741e-01	1.631593853235244751e-01	1.999101042747497559e-02	8.025380782783031464e-03	3.653818964958190918e-01	3.526059910655021667e-02	4.176497831940650940e-02	1.219525840133428574e-02	1.420387811958789825e-02	1.138095837086439133e-02	4.207817837595939636e-02	7.134842127561569214e-02	1.191174704581499100e-02	1.407955400645732880e-02	4.549951255321502686e-01	6.633029133081436157e-02	2.674222551286220551e-02	3.627757728099822998e-01	7.338722702115774155e-03	1.224689185619354248e-01	4.510601982474327087e-02	1.705063879489898682e-02	1.741391718387603760e-01	1.269616782665252686e-01	9.226431697607040405e-02	4.885876923799514771e-02	2.733947336673736572e-01	1.274718940258026123e-01	1.419655885547399521e-02	2.122378721833229065e-02	6.770248711109161377e-02	2.376084029674530029e-01	5.326644703745841980e-02	3.265488892793655396e-02
2.057126164436340332e-01	5.795400217175483704e-02	1.259228400886058807e-02	4.016718566417694092e-01	4.634732380509376526e-03	3.888719528913497925e-02	1.664236653596162796e-03	1.691297627985477448e-02	9.699137881398200989e-03	2.757411636412143707e-02	4.141828417778015137e-02	2.800590358674526215e-03	1.780021004378795624e-03	1.861226931214332581e-02	2.453104220330715179e-02	2.493277424946427345e-03	1.351343933492898941e-02	2.777813933789730072e-03	3.324881894513964653e-03	4.738027229905128479e-03	1.583666726946830750e-02	1.414718339219689369e-03	2.245913892984390259e-01	5.784494802355766296e-02	2.101981043815612793e-01	3.213091194629669189e-02	3.938695881515741348e-03	1.777934841811656952e-03	3.317857161164283752e-03	1.906576901674270630e-01	8.577501284889876842e-04	1.559656951576471329e-02	3.183578327298164368e-02	3.431918565183877945e-03	4.383901599794626236e-03	3.864974528551101685e-02	8.591530472040176392e-02	1.001836210489273071e-01	9.310463443398475647e-03	7.635209709405899048e-03	4.424342885613441467e-03	6.532844156026840210e-02	2.329842373728752136e-02	9.954632818698883057e-02	2.462991047650575638e-03	2.241505980491638184e-01	4.038536921143531799e-03	7.475137244910001755e-04	4.762196540832519531e-02	2.085528802126646042e-03	1.802123337984085083e-02	6.105251237750053406e-02	5.139409378170967102e-02	2.211954258382320404e-02	1.098370179533958435e-02	6.140900403261184692e-02	2.669905079528689384e-03	1.159767359495162964e-01	1.139420783147215843e-03	6.342404522001743317e-03	4.959165677428245544e-02	4.385570064187049866e-04	1.105894707143306732e-02	1.370044797658920288e-02
1.555615197867155075e-02	1.157522853463888168e-02	1.205380484461784363e-01	8.991696871817111969e-03	6.517755240201950073e-02	2.032112143933773041e-02	3.686060011386871338e-02	3.554097609594464302e-03	4.640482738614082336e-02	9.472361765801906586e-03	3.561968216672539711e-03	1.122261211276054382e-01	1.352407317608594894e-02	6.673111580312252045e-03	4.854436963796615601e-03	8.645623177289962769e-02	1.099463459104299545e-02	3.712825244292616844e-03	1.401053043082356453e-03	1.334860175848007202e-02	3.237152472138404846e-02	5.781589075922966003e-02	9.535753168165683746e-03	1.564532890915870667e-02	1.392194721847772598e-02	9.222101420164108276e-02	2.907074801623821259e-02	2.124237641692161560e-02	2.250929735600948334e-02	9.817578829824924469e-03	4.357261210680007935e-02	4.425320401787757874e-02	1.002983003854751587e-02	4.550862591713666916e-03	6.898329406976699829e-02	1.342269591987133026e-02	1.569668576121330261e-02	4.812833853065967560e-03	7.888353429734706879e-03	7.641984615474939346e-03	7.591368164867162704e-03	3.033720515668392181e-02	6.174711044877767563e-03	6.547680124640464783e-03	8.687281608581542969e-02	3.234845027327537537e-02	7.080690469592809677e-03	6.464765220880508423e-02	3.962163813412189484e-03	4.257868975400924683e-02	1.356911566108465195e-02	5.750479176640510559e-03	6.260326504707336426e-02	3.344918787479400635e-02	4.011011496186256409e-02	2.165556699037551880e-02	5.883638933300971985e-02	4.336412623524665833e-02	1.028859149664640427e-02	8.449677377939224243e-03	2.713799849152565002e-02	3.622436895966529846e-02	1.556767337024211884e-02	1.289750263094902039e-02
9.565509855747222900e-03	8.555091917514801025e-03	4.848435148596763611e-02	2.676517004147171974e-03	4.542701318860054016e-02	1.711479201912879944e-02	1.688969507813453674e-02	3.456622594967484474e-03	1.892504282295703888e-02	9.250099770724773407e-03	2.310367068275809288e-03	3.880318999290466309e-02	6.232629530131816864e-03	6.192440632730722427e-03	2.651159651577472687e-03	5.952395126223564148e-02	7.639208342880010605e-03	2.610278548672795296e-03	1.322792959399521351e-03	7.605745457112789154e-03	1.194397732615470886e-02	4.079315438866615295e-02	5.219663958996534348e-03	6.054207682609558105e-03	4.011279437690973282e-03	3.379379212856292725e-02	9.865842759609222412e-03	9.773201309144496918e-03	4.804116189479827881e-01	3.098662942647933960e-03	2.864509634673595428e-02	2.103028446435928345e-01	1.118584536015987396e-02	4.388486035168170929e-03	2.578854560852050781e-01	3.042099624872207642e-02	1.081078127026557922e-02	1.727358205243945122e-03	7.452704012393951416e-03	4.630949813872575760e-03	3.386543691158294678e-01	1.239849347621202469e-02	4.982612095773220062e-03	6.094438023865222931e-03	3.427169471979141235e-02	8.138420060276985168e-03	3.240419924259185791e-01	9.534064680337905884e-02	3.369123209267854691e-03	4.128748551011085510e-02	1.612231880426406860e-01	4.090488888323307037e-03	1.437703706324100494e-02	2.980905584990978241e-02	6.002816930413246155e-02	1.152431871742010117e-02	2.370963990688323975e-01	4.638233780860900879e-02	6.843309849500656128e-03	7.098047062754631042e-03	5.081965774297714233e-02	6.586972624063491821e-02	9.372309595346450806e-02	1.851539686322212219e-02
1.309744920581579208e-02	1.523963175714015961e-02	5.581548903137445450e-03	4.231622442603111267e-03	4.512976389378309250e-03	1.865146681666374207e-02	1.016465015709400177e-03	4.824372008442878723e-03	6.439737509936094284e-03	1.222303695976734161e-02	1.418938674032688141e-02	1.588230603374540806e-03	1.545033999718725681e-03	5.354417562484741211e-01	3.411317477002739906e-03	3.384936600923538208e-03	2.087795175611972809e-02	4.107607062906026840e-03	1.586519065313041210e-03	4.814088344573974609e-03	8.975922130048274994e-03	1.120009110309183598e-03	4.421676974743604660e-03	7.902445271611213684e-03	1.772802323102951050e-03	9.202424436807632446e-03	3.399012843146920204e-03	1.568506006151437759e-03	2.321071224287152290e-03	1.818294823169708252e-02	1.934228464961051941e-03	8.419387042522430420e-03	8.885983377695083618e-03	3.545886604115366936e-03	2.866800874471664429e-03	9.665487334132194519e-03	1.797342747449874878e-01	2.253255108371376991e-03	6.820544134825468063e-03	5.733282770961523056e-03	2.609981922432780266e-03	7.636704016476869583e-03	1.390847563743591309e-02	5.558519158512353897e-03	1.623265678063035011e-03	5.286672618240118027e-03	1.953467493876814842e-03	1.767479814589023590e-03	4.483045078814029694e-03	4.690764471888542175e-03	6.520337425172328949e-03	2.264131456613540649e-01	3.375402418896555901e-03	1.782744377851486206e-01	9.981463663280010223e-03	1.120297517627477646e-02	3.005187958478927612e-03	4.814060404896736145e-03	4.041048698127269745e-03	5.023890733718872070e-01	1.763319782912731171e-02	1.461772946640849113e-03	6.601053290069103241e-03	8.636198006570339203e-03
6.733620166778564453e-02	6.903083622455596924e-02	2.007056213915348053e-02	3.216024115681648254e-02	1.984655298292636871e-02	2.188620865345001221e-01	4.199076443910598755e-03	4.748918488621711731e-02	2.576874755322933197e-02	1.152009516954421997e-01	5.633975192904472351e-02	6.455022841691970825e-03	5.060690920799970627e-03	9.149773418903350830e-02	2.664264477789402008e-02	6.758427713066339493e-03	2.166422307491302490e-01	2.310374975204467773e-01	1.991486363112926483e-02	1.513346880674362183e-01	1.186097413301467896e-01	4.230678081512451172e-03	2.833817340433597565e-02	2.059416621923446655e-01	5.635841563344001770e-02	6.844482570886611938e-02	3.729007020592689514e-02	4.145560320466756821e-03	1.095288898795843124e-02	8.147838711738586426e-02	8.481762371957302094e-03	3.986503556370735168e-02	1.356253623962402344e-01	8.704795688390731812e-02	1.118185557425022125e-02	6.145923212170600891e-02	1.031471565365791321e-01	6.813213229179382324e-02	4.191311597824096680e-01	3.413620889186859131e-01	1.625258661806583405e-02	7.126463204622268677e-02	3.555539548397064209e-01	1.231088563799858093e-01	5.494012497365474701e-03	4.816437140107154846e-02	8.986551314592361450e-03	1.025498006492853165e-02	5.899170413613319397e-02	7.613980770111083984e-02	4.913815110921859741e-02	1.123090609908103943e-01	3.044348023831844330e-02	6.653279811143875122e-02	1.366903036832809448e-01	4.947107285261154175e-02	1.668567210435867310e-02	4.169173911213874817e-02	2.050202786922454834e-01	9.327800571918487549e-02	9.854728728532791138e-02	2.715456858277320862e-02	2.801358141005039215e-02	8.652212470769882202e-02
4.545295238494873047e-02	4.415726289153099060e-02	2.730325050652027130e-02	2.492885105311870575e-02	3.894522413611412048e-02	1.531443893909454346e-01	1.295576523989439011e-02	1.982866041362285614e-02	5.997097864747047424e-02	3.609651327133178711e-02	2.895443700253963470e-02	1.149105746299028397e-02	1.608217693865299225e-02	3.986535221338272095e-02	1.652611978352069855e-02	9.304787032306194305e-03	8.290551602840423584e-02	3.987501934170722961e-02	4.425080958753824234e-03	1.203964054584503174e-01	1.904957741498947144e-01	1.221582107245922089e-02	1.980235055088996887e-02	1.115552634000778198e-01	4.588925093412399292e-02	6.937657296657562256e-02	7.910550385713577271e-02	1.276976428925991058e-02	9.309279732406139374e-03	5.479795113205909729e-02	2.491258457303047180e-02	3.589468449354171753e-02	5.330519750714302063e-02	1.670002751052379608e-02	1.329779252409934998e-02	3.402628004550933838e-02	6.707691401243209839e-02	4.111319035291671753e-02	9.843323379755020142e-02	4.540655910968780518e-01	8.481644093990325928e-03	9.132079035043716431e-02	1.680603623390197754e-01	5.186340957880020142e-02	1.173485908657312393e-02	6.191238760948181152e-02	7.173952180892229080e-03	2.130758203566074371e-02	1.531464979052543640e-02	8.800699561834335327e-02	2.629309706389904022e-02	5.025418102741241455e-02	6.785531342029571533e-02	6.576451659202575684e-02	9.099115431308746338e-02	3.575034067034721375e-02	2.326626144349575043e-02	4.282323643565177917e-02	6.513312458992004395e-02	5.041787400841712952e-02	5.940537899732589722e-02	4.153868183493614197e-02	1.949268952012062073e-02	3.889030590653419495e-02
4.153861198574304581e-03	2.601026557385921478e-03	3.974533174186944962e-03	8.780584903433918953e-04	3.767159068956971169e-03	3.552037524059414864e-03	2.947724133264273405e-04	9.368837927468121052e-04	1.337693538516759872e-03	3.338636364787817001e-03	4.934082971885800362e-04	5.204735207371413708e-04	3.809292975347489119e-04	1.560889300890266895e-03	7.060305797494947910e-04	4.007672425359487534e-03	1.612942432984709740e-03	5.894675268791615963e-04	4.936774494126439095e-04	1.273052301257848740e-03	1.932366867549717426e-03	2.762976335361599922e-03	4.664617124944925308e-03	9.924340993165969849e-04	1.118825864978134632e-03	4.486705176532268524e-03	8.722661295905709267e-04	5.573289236053824425e-04	2.227591350674629211e-02	1.095079816877841949e-03	9.700891096144914627e-04	1.599645800888538361e-02	2.776492619886994362e-03	1.094859442673623562e-03	5.459996405988931656e-03	4.666334949433803558e-03	2.746856771409511566e-03	3.929679223801940680e-04	1.673624268732964993e-03	1.113631413318216801e-03	7.905535399913787842e-03	2.079673111438751221e-03	1.227352069690823555e-03	1.523535931482911110e-03	8.029654272831976414e-04	2.040757099166512489e-03	3.472675010561943054e-02	4.701777826994657516e-03	1.078418572433292866e-03	2.840887755155563354e-03	9.879536926746368408e-03	1.022420241497457027e-03	1.731164404191076756e-03	3.963198978453874588e-03	8.404142223298549652e-03	3.577487310394644737e-03	2.409500814974308014e-02	9.129881858825683594e-03	9.835031814873218536e-04	1.765977125614881516e-03	5.302618071436882019e-02	1.673251390457153320e-03	5.359486341476440430e-01	4.920535720884799957e-03
1.256450638175010681e-02	1.127244066447019577e-02	1.440544333308935165e-02	3.283744212239980698e-03	9.937283582985401154e-03	1.667045243084430695e-02	3.246231470257043839e-03	5.356534384191036224e-03	7.194120436906814575e-03	8.435568772256374359e-03	3.390844445675611496e-03	5.336768459528684616e-03	1.649409299716353416e-03	5.610530730336904526e-03	3.551260801032185555e-03	6.564457435160875320e-03	5.693373735994100571e-03	1.892619882710278034e-03	1.071457867510616779e-03	4.452376160770654678e-03	7.510198280215263367e-03	7.102824281901121140e-03	7.300135213881731033e-03	5.666193086653947830e-03	6.164155434817075729e-03	2.289248630404472351e-02	4.222890827804803848e-03	1.589471823535859585e-03	2.344149202108383179e-01	4.205136094242334366e-03	2.067643450573086739e-03	1.378459781408309937e-01	1.661411486566066742e-02	2.648004097864031792e-03	5.606291070580482483e-02	6.979931890964508057e-02	1.047489978373050690e-02	2.440605778247117996e-03	6.703223567456007004e-03	3.811441827565431595e-03	4.422392547130584717e-01	1.115495618432760239e-02	4.977914039045572281e-03	1.268643327057361603e-02	3.937413450330495834e-03	7.564772386103868484e-03	4.942924380302429199e-01	7.991733960807323456e-03	3.958376590162515640e-03	5.036374554038047791e-03	3.002053201198577881e-01	4.492984618991613388e-03	9.804890491068363190e-03	1.629569940268993378e-02	2.653097175061702728e-02	1.580712944269180298e-02	5.544544011354446411e-02	5.338626727461814880e-02	2.256893320009112358e-03	5.380427464842796326e-03	6.105390563607215881e-02	2.264221897348761559e-03	6.894111633300781250e-02	1.704955473542213440e-02
2.332096174359321594e-02	2.667441405355930328e-02	9.142019599676132202e-02	1.012580655515193939e-02	2.416690289974212646e-01	4.730026423931121826e-02	2.949406206607818604e-01	8.137706667184829712e-03	3.131955564022064209e-01	2.131494879722595215e-02	1.020067278295755386e-02	7.795266807079315186e-02	4.871269464492797852e-01	2.232696674764156342e-02	1.217939425259828568e-02	7.107763737440109253e-02	4.808552190661430359e-02	2.132255584001541138e-02	3.134506754577159882e-03	1.212700977921485901e-01	1.739548295736312866e-01	2.013492882251739502e-01	1.175929978489875793e-02	3.357232362031936646e-02	1.879554055631160736e-02	8.713855594396591187e-02	3.730060160160064697e-01	3.968938291072845459e-01	2.793073281645774841e-02	1.842315495014190674e-02	3.185359537601470947e-01	7.578503340482711792e-02	1.873679272830486298e-02	1.301439665257930756e-02	6.298021227121353149e-02	2.185906469821929932e-02	3.882244601845741272e-02	1.259407773613929749e-02	2.190785482525825500e-02	1.785817556083202362e-02	1.562522724270820618e-02	1.041921079158782959e-01	1.441178843379020691e-02	1.152281276881694794e-02	1.295781582593917847e-01	5.890201032161712646e-02	1.059408392757177353e-02	1.603626757860183716e-01	6.477786693722009659e-03	1.929155588150024414e-01	2.282130531966686249e-02	1.859383471310138702e-02	1.907020360231399536e-01	1.148874461650848389e-01	9.333711117506027222e-02	2.501347288489341736e-02	1.058153435587882996e-01	5.270203202962875366e-02	3.922539204359054565e-02	3.881755098700523376e-02	4.572257399559020996e-02	2.160576730966567993e-01	2.377631328999996185e-02	3.703520447015762329e-02
