,RIM A_D,RIM A_I,RIM RL,RIM R_D,RIM R_I
0,1.4932521999999997,1.6320831,688.95,0.00260461,0.00659299
1,1.3291676,1.2610034,276.05,0.0045087,0.00547685
2,1.2315547,1.260943,855.12,0.00506544,0.0086142699999999
3,1.1726893,1.6379981999999995,607.98,0.00978187,0.00404597
4,1.1663326,1.5407854,990.31,0.00447127,0.01497556
5,1.2082204,1.1041893,841.86,0.00450096,0.01159402
6,1.5116057,1.5021505,534.78,0.00066263,0.00355777
7,1.5898023000000003,1.5068745000000003,963.14,0.0007439899999999,0.0029359699999999
8,1.5358896999999998,1.5975444,956.95,0.00089838,0.0038041899999999
9,1.3436486000000003,1.2686738000000002,754.33,0.0018211399999999,0.00935491
10,1.1555966,1.1622503,1137.59,0.00991727,0.0067138099999999
11,1.3706858,1.4802115,191.41,0.0025217799999999,0.0011046299999999
12,1.3467013999999995,1.3215673,304.48,0.00224694,0.01177008
13,1.2164791,1.5699240999999995,723.95,0.00934593,0.0078376999999999
14,1.4214626,1.5512423000000004,922.5,0.0170025699999999,0.0141632
15,1.4469773,1.7785587,337.24,0.00418162,0.0120165999999999
16,1.0868207,1.0936601,387.75,0.0453376,0.0379647
17,1.4940219,1.2705025999999997,582.39,0.0007481599999999,0.00379926
18,1.1251227,1.0980133,230.07,0.0236407599999999,0.02425382
19,1.5092701000000002,1.7989844000000002,168.02,0.00380688,0.01996047
20,1.7738330000000002,1.759327,637.71,0.0074876899999999,0.00929807
21,1.5068980999999997,1.3780008,285.81,0.00107084,0.00550184
22,1.5166135,1.8622853,409.25,0.00510337,0.01695516
23,1.1954992,1.0608861,806.7,0.00998632,0.0169384699999999
24,1.4624016000000004,1.5239201999999998,393.02,0.00102239,0.0056249499999999
25,1.0653577999999997,1.2326817,1323.86,0.0208725299999999,0.0057285299999999
26,1.0595404000000002,1.1101495,741.73,0.04149685,0.02559302
27,1.0371206,1.0948513999999998,1033.81,0.0435101899999999,0.0257988699999999
28,1.1867666,1.8053431,744.81,0.0097802,0.01550267
29,1.2574394,1.8549755,1123.43,0.0028949799999999,0.01539566
30,1.4993838,1.2718280000000002,493.67,0.00109021,0.00286726
31,1.5489631999999998,1.5142411000000002,530.59,0.0009837799999999,0.00210537
32,1.2840348,1.5714072,988.97,0.00134563,0.0140401699999999
33,1.1843159,1.4378419000000005,793.36,0.03354126,0.0335545799999999
34,1.6090029,1.5816956,486.92,0.00095824,0.00223389
35,1.1571155,1.5408764999999998,1130.81,0.0284592,0.02371455
36,1.0929175999999998,1.0959432,350.77,0.03454957,0.0335139599999999
37,1.123727,1.3605468000000005,1545.61,0.02151983,0.00601567
38,1.0676257999999998,1.2254855,1153.42,0.01657062,0.0059738199999999
39,1.5451959000000004,1.3711957,833.02,0.00060662,0.00278052
40,1.6060993,1.7392043000000004,1370.85,0.0033266999999999,0.00908757
41,1.4629894,1.7493868000000004,348.01,0.00122584,0.02470091
42,1.0530539,1.2516645,607.09,0.03716518,0.02516182
43,1.2490093,1.1513331,559.18,0.00630881,0.01605418
44,1.3152086,1.088569,1600.8,0.00522365,0.0089863299999999
45,1.5023623999999998,1.4902179999999998,654.95,0.0050465799999999,0.01864348
46,1.4414461999999997,1.1631037,421.05,0.00094826,0.0149766899999999
47,1.0768417,1.1591120999999998,1228.36,0.01626937,0.0171839999999999
48,1.4085088,1.3620213,387.1,0.00094625,0.01377302
49,1.4496554,1.5352906000000002,976.39,0.0061476999999999,0.00329818
50,1.3358162000000002,1.8295486,803.7,0.00125458,0.0214609499999999
51,1.5772497,1.1798524999999995,468.56,0.00071133,0.00577937
52,1.2399581000000002,1.6093183,620.75,0.01130095,0.00885654
53,1.3715677,1.5606730000000002,2149.91,0.02300826,0.00921871
54,1.1050517,1.2279642000000002,91.82,0.01936639,0.01200147
55,1.450323,1.6268505000000002,837.14,0.0100302899999999,0.00376247
56,1.4522228,1.3042763,250.67,0.0018667599999999,0.0063936099999999
57,1.2067179,1.1927461,869.9,0.00815547,0.00399727
58,1.5810460000000004,1.5646918,590.47,0.00584514,0.01340243
59,1.1898017,1.6799637,1417.01,0.0101289099999999,0.02724506
60,1.4609203,1.636206,259.82,0.00091499,0.02281034
61,1.5323194,1.3472950000000004,274.74,0.00101203,0.01842215
62,1.3635034999999995,1.3000556,683.49,0.00206269,0.00620173
63,1.5027570000000003,1.1252638,815.93,0.00113905,0.0067398599999999
64,1.5912166,1.5599359999999998,527.36,0.00067815,0.00666399
65,1.2414508,1.5702586000000005,1773.62,0.0105482499999999,0.00597021
66,1.0611417,1.3519683999999996,3857.86,0.01295823,0.0037735
67,1.5202238000000003,1.2864696999999998,470.25,0.0012537,0.00317592
68,1.5060092,1.3234378999999998,484.93,0.0006224199999999,0.00228692
69,1.4194412,1.6392889000000002,827.12,0.00679392,0.0304388
70,1.4570999,1.852526,212.08,0.0030289899999999,0.01449689
71,1.0681692,1.1038363999999998,838.05,0.0326102,0.02388872
72,1.0963927,1.0579832999999998,1252.82,0.01623347,0.01597099
73,1.7003709,1.6504863,733.32,0.00122025,0.01788571
74,1.5540446999999995,1.4034152000000004,265.84,0.00438515,0.00513261
75,1.5178979,1.1544264000000002,443.88,0.00084565,0.00828434
76,1.0569384000000002,1.2783926,1276.57,0.02639473,0.02138166
77,1.2211249999999998,1.5780505,1617.44,0.00982629,0.00244781
78,1.6009146,1.5214447999999998,815.21,0.0007831,0.0025186799999999
79,1.5926904,1.8842015000000003,1109.54,0.0011507199999999,0.02205424
80,1.1823012,1.3453728,1231.96,0.00596938,0.0052374599999999
81,1.0787341,1.1553395,627.8,0.03272389,0.03624885
82,1.2064932,1.1555577,472.44,0.0077086099999999,0.01081886
83,1.3680616999999995,1.5905459000000002,579.79,0.00415853,0.0093464
84,1.5205696,1.2532789999999998,353.67,0.00093439,0.0061923199999999
85,1.1316865,1.2222020999999998,888.68,0.0116372499999999,0.0087505999999999
86,1.604537,1.3541085999999998,194.35,0.00081366,0.0026994099999999
87,1.3014440999999997,1.1113495,901.14,0.00324047,0.01131968
88,1.2419916,1.7186947999999995,1174.16,0.00891503,0.00652187
89,1.5704395,1.1516199,772.39,0.00093257,0.00409676
90,1.2133681,1.7773054,950.88,0.01235878,0.01074
91,1.2427902,1.5005515,559.3,0.01241717,0.02211877
92,1.198016,1.7665118000000002,942.02,0.02516735,0.00927244
93,1.1282179999999995,1.2044813,1041.77,0.00483468,0.0051034
94,1.3930224000000002,1.7159356999999995,438.14,0.0005840999999999,0.03165887
95,1.3281972000000002,1.3080175000000005,502.3,0.0028457699999999,0.01872925
96,1.1417031,1.1433461,701.16,0.00968322,0.01669973
97,1.5802437,1.8713429,361.52,0.00105307,0.0335659299999999
98,1.5143432,1.2785407000000004,434.71,0.00116354,0.00503597
99,1.5205873999999997,1.1829493,946.28,0.00124878,0.0080473599999999
100,1.2602558,1.7452264999999998,320.53,0.00767361,0.0127000299999999
101,1.4668111,1.1811505000000002,494.84,0.0009851899999999,0.0051907999999999
102,1.5865680999999998,1.3512698999999997,179.51,0.00065865,0.0078544299999999
103,1.2011532,1.6610804,1058.16,0.00879684,0.00840517
104,1.3654649999999997,1.4176568000000005,614.65,0.0006906599999999,0.01893901
105,1.2429491,1.1660941,689.31,0.00517224,0.00837607
106,1.4241387,1.160613,1024.25,0.00278216,0.0146217499999999
107,1.5044748,1.0747513,561.11,0.00234425,0.02547307
108,1.0911335000000002,1.5183198999999996,1409.88,0.0206857899999999,0.00943128
109,1.3818720000000002,1.8061444,1168.1,0.0068756299999999,0.0062963799999999
110,1.1902875,1.2211069999999995,738.6,0.0071083,0.0062931099999999
111,1.1328953,1.2884853,388.42,0.00770873,0.00761735
112,1.3887984000000002,1.7673564,279.36,0.00212104,0.00783429
113,1.5764752999999998,1.6247343,1154.7,0.00078107,0.00235626
114,1.2247689000000002,1.7785300000000002,567.71,0.00195245,0.01717209
115,1.39972,1.8431955,1112.76,0.00816764,0.0129385099999999
116,1.6377618999999997,1.4497432999999995,897.07,0.0004825,0.00412649
117,1.7107886,1.3290277999999998,849.14,0.0026207199999999,0.00948106
118,1.2103307,1.4348169000000002,446.3,0.00612384,0.0164583699999999
119,1.4884248000000002,1.3794555,394.63,0.00206096,0.00257921
120,1.3404908999999998,1.1203655,401.43,0.0026789199999999,0.01101945
121,1.0608905,1.2913969,331.33,0.0375173399999999,0.01471262
122,1.6011951000000002,1.3006824,453.66,0.00043153,0.00744413
123,1.5927375,1.8832418,240.32,0.00117697,0.0345483699999999
124,1.5021172000000005,1.35471,387.01,0.00442369,0.02657622
125,1.1932153,1.6979773,831.81,0.0064833999999999,0.00492478
126,1.0785807,1.0609746000000002,817.32,0.04148649,0.0390195599999999
127,1.373968,1.1524206,725.4,0.00222182,0.00575003
128,1.4413056,1.2402168000000002,302.99,0.0024551899999999,0.00792189
129,1.1338236000000002,1.1912863,587.43,0.0108097199999999,0.00520405
130,1.4499786,1.7639182000000004,614.71,0.00265084,0.0185816599999999
131,1.0894845999999998,1.276924,713.27,0.0154551799999999,0.0188274199999999
132,1.4115391,1.1528793000000004,971.5,0.00252669,0.00934847
133,1.3078106,1.4784277,583.72,0.0047887799999999,0.00400514
134,1.5883456,1.4041652999999998,352.03,0.00152049,0.00320006
135,1.0906891,1.1286235,1419.74,0.01628768,0.0104375699999999
136,1.0474328999999998,1.2448441000000003,559.3,0.04433271,0.02285982
137,1.3226854,1.7409705000000002,171.19,0.00424626,0.0305982299999999
138,1.0688771,1.0913539,613.24,0.03953595,0.0330468
139,1.273578,1.5013788,1080.3,0.00710645,0.00475833
140,1.0652618,1.0649240000000002,1106.16,0.0436763699999999,0.03772688
141,1.2154847,1.1588710999999998,1917.02,0.00343678,0.01404304
142,1.5775695,1.2976542999999998,458.39,0.00086155,0.00746169
143,1.5542886000000002,1.4889848999999995,419.52,0.00232115,0.0058134799999999
144,1.2511452,1.1063801,1779.15,0.00351043,0.01235709
145,1.1425468,1.3136058,1254.75,0.00806612,0.00581094
146,1.219699,1.1364942999999998,237.05,0.0133420899999999,0.0170944499999999
147,1.5669356,1.7421322999999995,524.88,0.01047774,0.01873041
148,1.5929147,1.6752744999999998,648.57,0.0010151299999999,0.01418729
149,1.3746146,1.6277586,285.64,0.0030638299999999,0.03178331
150,1.0772513,1.1394749,358.94,0.03102608,0.0290096
151,1.5373565,1.8499929,745.64,0.00718461,0.02230512
152,1.2927659999999996,1.1800953,794.8,0.00117381,0.00991757
153,1.0582847,1.1549143,346.61,0.04498673,0.02718931
154,1.1532169,1.2413382,1039.48,0.0103843699999999,0.00905419
155,1.738408,1.8452133,862.57,0.01643402,0.0178348599999999
156,1.2249072,1.4201357,779.02,0.0138583499999999,0.00917964
157,1.057772,1.0721574,867.43,0.04319796,0.03521703
158,1.6849766999999998,1.2919571,507.52,0.00370196,0.00512843
159,1.2269748,1.3389145,401.01,0.00311814,0.00884687
160,1.469232,1.8880117,198.98,0.00164395,0.0091206699999999
161,1.5514746,1.2930828,707.44,0.00067572,0.00232023
162,1.5260501000000002,1.3619793000000002,490.59,0.0010283599999999,0.00376175
163,1.5842440999999996,1.5225984,854.67,0.00063196,0.00211564
164,1.1569712999999997,1.3080735,400.08,0.00812454,0.0117606699999999
165,1.3112871,1.6353677,864.17,0.01376211,0.0149281799999999
166,1.2999941999999998,1.4121005000000002,566.43,0.00074412,0.01741958
167,1.3987822999999997,1.3148539,444.06,0.00170576,0.00396569
168,1.5405145999999996,1.147465,304.45,0.00135409,0.014573
169,1.5237376000000002,1.3879796000000002,764.57,0.00423109,0.00984065
170,1.5993554000000003,1.3933833999999998,348.6,0.0008401799999999,0.0018111799999999
171,1.6653770999999995,1.6764015999999995,1530.03,0.00093061,0.00800644
172,1.6721623000000003,1.7598785,596.86,0.00180358,0.0105799199999999
173,1.0345503,1.254942,4273.5,0.0452677399999999,0.01499305
174,1.4477767999999998,1.5442709999999995,307.92,0.00543744,0.0293410599999999
175,1.0899416000000002,1.2865646999999998,333.29,0.0277639399999999,0.0245609699999999
176,1.1412635,1.4480864,381.45,0.02204631,0.00827646
177,1.1495103,1.4333205,852.53,0.03051933,0.0152720899999999
178,1.595753,1.1371784,943.25,0.00134088,0.0039162
179,1.088467,1.2899839999999998,750.79,0.02462708,0.0090096799999999
180,1.0684254000000002,1.118532,1443.13,0.04443182,0.0224708699999999
181,1.4283001,1.8056404,745.14,0.00162141,0.01683161
182,1.4013425000000002,1.1017290000000002,1153.02,0.00392192,0.01062446
183,1.2137733,1.0802698,430.25,0.0214254,0.01919093
184,1.1557459,1.2064598,851.7,0.00501795,0.01057766
185,1.109715,1.1891251,315.15,0.0326118399999999,0.02904592
186,1.2193702,1.0726813,714.84,0.0066959399999999,0.01353065
187,1.0491425,1.2217261,441.34,0.0294292,0.00853386
188,1.219301,1.1840759,301.44,0.00407939,0.01424061
189,1.0695649000000005,1.0657515000000002,435.91,0.04393307,0.0362996499999999
190,1.4253583000000003,1.4262381999999996,305.88,0.0009707499999999,0.00713268
191,1.4966762,1.6283776999999997,776.78,0.00053442,0.00358539
192,1.1033394,1.1723795,1223.31,0.00893993,0.00894749
193,1.3750612000000002,1.5243787999999998,451.77,0.00774021,0.0075925899999999
194,1.2956198,1.2935802,413.01,0.00269378,0.01057924
195,1.2070004,1.224036,550.06,0.00637801,0.0133461
196,1.4198142000000002,1.2106796,1394.59,0.0272547,0.00932882
197,1.0810655,1.0941325000000002,318.56,0.04320198,0.03370175
198,1.0542410000000002,1.1338312000000002,618.52,0.0417598899999999,0.03161314
199,1.2185804999999998,1.2531777,313.91,0.0228916599999999,0.00719607
200,1.2595449000000003,1.5498978,266.67,0.00450157,0.00576987
201,1.3655786,1.1263889,732.61,0.01042019,0.0070611799999999
202,1.1208149,1.5124497,1334.6,0.0066307599999999,0.00623071
203,1.2220937999999997,1.3590832999999998,1384.24,0.02618679,0.01680553
204,1.5461326,1.5623688000000002,630.2,0.00458111,0.00425502
205,1.1567417,1.3213406,551.19,0.0157428999999999,0.00933114
206,1.1236799,1.1377869,846.51,0.0211909399999999,0.01798557
207,1.1912102000000002,1.2406974000000002,423.35,0.0065066299999999,0.00994661
208,1.327764,1.909647,179.46,0.00441104,0.02217578
209,1.0899708,1.0927848,239.34,0.0421948999999999,0.0338831599999999
210,1.0605547,1.3433229999999998,793.0,0.0414779499999999,0.0123923899999999
211,1.2565973,1.3669840000000002,525.8,0.0026085099999999,0.0121987
212,1.1814246999999998,1.9287478,1268.98,0.00816997,0.01920379
213,1.1396246,1.132651,1984.49,0.00807567,0.01043072
214,1.1839459,1.2080867,235.63,0.00506263,0.00424526
215,1.6116741,1.7287871,1268.29,0.00164445,0.0175618599999999
216,1.260008,1.4143902000000004,878.84,0.00169891,0.00478968
217,1.3745486,1.3839700000000006,1180.36,0.00183014,0.00375985
218,1.2026941999999998,1.4103852,842.51,0.00507942,0.00626573
219,1.4882670999999998,1.1594972,420.18,0.00136535,0.00690836
220,1.1133828,1.1515194000000002,1014.33,0.00942352,0.0088977
221,1.0914052,1.0995672,1170.97,0.0162033399999999,0.0125907399999999
222,1.1055769,1.1004564999999995,1821.39,0.00902231,0.01041247
223,1.0529364,1.101422,586.68,0.04312849,0.0250604399999999
224,1.1972232,1.2315885,485.95,0.0061720899999999,0.0113591299999999
225,1.0487555,1.0883678,788.77,0.04491254,0.03325897
226,1.121278,1.1328715,438.62,0.01849697,0.01583474
227,1.5227429,1.5095323000000005,592.39,0.0023286,0.01251799
228,1.2314901,1.3209681,389.0,0.0113675,0.0049276599999999
229,1.238892,1.2833960000000002,445.95,0.01428037,0.02370861
230,1.2841822000000005,1.7680394999999998,721.88,0.02061904,0.0131540199999999
231,1.2013252,1.3036895000000002,1304.48,0.0153539499999999,0.0192197499999999
232,1.2627408999999998,1.6833583,363.71,0.0032784399999999,0.00192119
233,1.4742998999999997,1.7771480000000002,923.9,0.0009191499999999,0.02293399
234,1.2173675,1.1274447,467.56,0.01118206,0.01564041
235,1.3102540000000005,1.5315550000000002,413.66,0.00312943,0.03117085
236,1.2715843999999998,1.5748855999999998,1016.72,0.00289656,0.01023671
237,1.5079718,1.3597589,475.4,0.00077453,0.0016880299999999
238,1.2833869999999998,1.5471463,253.35,0.00238647,0.00868262
239,1.3749162,1.641148,560.31,0.00094924,0.0204446699999999
240,1.3320493999999996,1.2601142,824.56,0.0007642299999999,0.00214891
241,1.1764345999999997,1.4147507000000004,578.45,0.00688667,0.00985456
242,1.0684835,1.4104846999999998,587.57,0.0249793099999999,0.01274029
243,1.0910058,1.0906552,639.08,0.01663797,0.01882336
244,1.0557849,1.1192958,461.72,0.04622216,0.04089023
245,1.4224878,1.1071135,1001.98,0.00108503,0.00814702
246,1.1376746,1.7056989000000002,652.34,0.01418136,0.01787853
247,1.5827302999999997,1.1972242,1183.05,0.00347962,0.0143667699999999
248,1.0863366,1.2854063,879.76,0.01810053,0.01100784
249,1.2503217,1.1834044,298.97,0.0038096999999999,0.00883463
250,1.1016169,1.1812600000000002,1013.76,0.0052333199999999,0.0093055899999999
251,1.5094164000000003,1.7865572,833.37,0.00055476,0.0070710899999999
252,1.4557041999999996,1.5639307,273.63,0.00280973,0.00242622
253,1.4278454000000005,1.7485214999999998,916.43,0.00331578,0.00958292
254,1.8017662,1.6973411,705.89,0.0026742899999999,0.01123709
255,1.1042871000000003,1.1098592,753.04,0.0310431899999999,0.02443084
256,1.0619703,1.3340428,1288.51,0.02751594,0.00837684
257,1.3203953000000002,1.138331,489.52,0.00141219,0.00604634
258,1.3170570999999998,1.3268647000000005,636.1,0.00202092,0.0037328
259,1.4053056000000002,1.1161079,729.6,0.00298134,0.0134505899999999
260,1.1639682999999998,1.2050056999999998,1195.3,0.0174410599999999,0.0112528799999999
261,1.5055469,1.6973896,514.93,0.00912113,0.00984342
262,1.4187560999999995,1.5418014000000002,393.0,0.0062038799999999,0.00406021
263,1.4097711000000002,1.0853593,604.06,0.00206105,0.01494563
264,1.1957672,1.6782404,418.89,0.0025080999999999,0.00801839
265,1.2471288,1.5390802,2597.23,0.00311374,0.02521374
266,1.7264923000000003,1.3478485000000004,649.2,0.00095532,0.00453206
267,1.5109326,1.805188,463.8,0.0040774399999999,0.0167433099999999
268,1.5384475999999998,1.4201452999999995,665.56,0.0004885299999999,0.00715105
269,1.5637283,1.797046,268.57,0.00050634,0.0088262899999999
270,1.0663823,1.1222027,466.58,0.0417455599999999,0.0351379599999999
271,1.3334254,1.2979579,129.62,0.00456843,0.00758429
272,1.5821051,1.2469303,782.43,0.00123701,0.01042069
273,1.0620262,1.1713242,550.11,0.01977644,0.00387034
274,1.1216406,1.4055705,682.83,0.0127971699999999,0.0037761499999999
275,1.4980563000000005,1.7402151,319.95,0.0011323899999999,0.0044135799999999
276,1.4374671999999995,1.3655470999999997,406.74,0.00064368,0.00385868
277,1.3706467999999998,1.1569558999999998,311.85,0.00183933,0.0079619599999999
278,1.5575301999999995,1.683172,691.49,0.00049337,0.00306654
279,1.2983549,1.6123773000000003,761.57,0.0032161,0.01435095
280,1.2317117,1.0762332,527.46,0.00416992,0.01202351
281,1.3084943999999996,1.3349745,1248.68,0.00273541,0.00309587
282,1.4908216,1.1380277,382.25,0.00116395,0.00749615
283,1.1843857999999998,1.1061771000000002,202.67,0.02198226,0.0272916199999999
284,1.4765619,1.3205651,368.96,0.0007148899999999,0.0071478599999999
285,1.45394,1.7873187,615.92,0.00338171,0.03926761
286,1.533257,1.3961851,426.31,0.0030695499999999,0.0077618399999999
287,1.5185398000000003,1.6483271000000002,316.58,0.00370747,0.00753423
288,1.6252536999999998,1.7283912999999995,453.47,0.0004707099999999,0.01849828
289,1.4239607,1.1423924,982.37,0.0012689,0.00281586
290,1.5306869,1.2283459,511.65,0.00185324,0.00687442
291,1.4097388999999996,1.1459656,596.23,0.00251889,0.00546606
292,1.6058918999999998,1.3804583,672.95,0.0006745699999999,0.00504404
293,1.7249821,1.5092264,335.26,0.0019653699999999,0.0221575299999999
294,1.4314594000000005,1.081253,576.01,0.0027733999999999,0.00943317
295,1.1453294,1.3577676,978.32,0.00928983,0.0090184799999999
296,1.2642446,1.5331525,573.95,0.00551556,0.02256224
297,1.176219,1.5135161,386.9,0.0018479299999999,0.0060595799999999
298,1.0583428,1.0846803,832.45,0.03671354,0.02703145
299,1.5674749,1.2134688,662.68,0.0009553,0.0111573099999999
300,1.1304261,1.1672768,271.52,0.0139657099999999,0.0152771399999999
301,1.3006214000000005,1.1481291000000002,508.28,0.0011566999999999,0.0084959699999999
302,1.2613123000000002,1.2212438,365.22,0.0047354499999999,0.00904948
303,1.6118120000000002,1.7941903,639.13,0.0069103,0.00854054
304,1.1656575,1.1226447,912.97,0.01555766,0.00964281
305,1.5855588,1.6988692,648.98,0.00114361,0.01939852
306,1.507261,1.8567341,325.7,0.00146124,0.01516234
307,1.4335574000000002,1.2984592,526.65,0.00085195,0.00258118
308,1.3411488,1.7428850000000005,727.13,0.007688,0.01973312
309,1.1368584,1.3623104,417.83,0.0138872299999999,0.0135408299999999
310,1.4083991000000002,1.2588417,706.03,0.00124544,0.00782511
311,1.0643421999999998,1.0872067,787.65,0.0393544,0.0254339
312,1.475668,1.4060888999999996,376.57,0.00182355,0.0169197
313,1.2231858,1.2929653,982.2,0.00334003,0.01508384
314,1.076514,1.2456825,486.03,0.0138395,0.01629991
315,1.3763783,1.8780908,1092.15,0.00280895,0.02651342
316,1.1792517,1.4083444999999997,821.5,0.0055989099999999,0.01104571
317,1.0740861999999998,1.1560061,571.93,0.03927978,0.03247502
318,1.1805452,1.6659362000000002,1042.26,0.02401552,0.0252018299999999
319,1.3849832000000004,1.7202382,514.21,0.00820486,0.01677049
320,1.4743982000000002,1.7510334,330.74,0.0044974499999999,0.00975118
321,1.0465894000000002,1.1160438,891.44,0.0429429799999999,0.0318227399999999
322,1.5271619,1.1552969999999998,1085.42,0.00178978,0.00788939
323,1.5846764999999998,1.5703458000000003,403.24,0.00033415,0.00551194
324,1.4987429,1.4604643999999996,786.14,0.00280229,0.01049634
325,1.0878564,1.4266835,1033.31,0.01349245,0.0087497
326,1.1102573,1.6126859999999998,1191.13,0.01557877,0.01248467
327,1.6548472,1.6057140000000003,630.61,0.00091818,0.01355336
328,1.3023333999999998,1.1162145,767.4,0.00350694,0.0071479199999999
329,1.5396271000000004,1.1751239,433.02,0.00094265,0.0059130799999999
330,1.0572537,1.0969969000000002,552.38,0.04252088,0.0341862999999999
331,1.6043284999999998,1.5220249,567.69,0.00101584,0.0023555299999999
332,1.4129957,1.7426456,350.7,0.0031264,0.00553094
333,1.4828059999999998,1.7448429,653.56,0.00095391,0.0205353
334,1.5876498,1.7676761,649.49,0.00431289,0.02563985
335,1.0453724000000002,1.1134699999999995,1497.59,0.03927705,0.02854166
336,1.5565337,1.5026557000000005,534.62,0.00060749,0.00468596
337,1.4425855,1.722788,714.44,0.0112152899999999,0.0117166799999999
338,1.6447668,1.7094012,308.96,0.00389296,0.02654396
339,1.1495493,1.2758691999999998,471.91,0.00337323,0.0177437499999999
340,1.4854579,1.8753615,745.8,0.00157352,0.0139356
341,1.4056449,1.1583628,153.13,0.0030437,0.00785115
342,1.1943126000000002,1.5347147,1200.21,0.0237370099999999,0.0104872599999999
343,1.3615026999999995,1.7132759000000002,724.35,0.02958764,0.0212024899999999
344,1.1628851,1.0773444,1414.66,0.01047651,0.01695433
345,1.2462172,1.7994974,477.89,0.00154937,0.0114949099999999
346,1.6504601,1.8780002,554.26,0.00104861,0.0244874499999999
347,1.1819855,1.358159,911.17,0.0053900899999999,0.01229215
348,1.1406,1.1871685,452.28,0.0057458,0.00427423
349,1.2765986,1.4358605,622.52,0.00522601,0.02373462
350,1.5845551,1.8831063000000003,529.02,0.00143009,0.03393664
351,1.5170502,1.8246121,264.58,0.00108166,0.01074439
352,1.4245228,1.3498964,632.72,0.0010757199999999,0.00326107
353,1.5806972,1.7894687000000002,274.4,0.0008285199999999,0.01093228
354,1.1124526,1.2004943,553.22,0.0064663399999999,0.00929225
355,1.2032122,1.6303264999999998,922.53,0.01105376,0.00916827
356,1.1383646,1.1709621,488.07,0.0060537599999999,0.01068048
357,1.4886558,1.6128617999999997,163.86,0.0009649,0.01116377
358,1.1412865,1.1988311000000005,597.93,0.00485577,0.0061800999999999
359,1.647658,1.5555191,1381.64,0.00101107,0.00106202
360,1.0572325,1.1436595,558.75,0.03671613,0.0274702599999999
361,1.3674851,1.2908748,344.16,0.00139855,0.0042178
362,1.2111139,1.3646938,518.71,0.00894435,0.01401237
363,1.4575686,1.1449157,400.74,0.0014957399999999,0.0071979299999999
364,1.1795014,1.6153182999999998,268.67,0.01718245,0.00856235
365,1.5699672999999998,1.4361793,1153.73,0.00050581,0.0025346499999999
366,1.5843287999999998,1.8789706,555.87,0.0015875,0.03066041
367,1.0725859,1.0687558,480.87,0.0365104899999999,0.0387225899999999
368,1.3657494999999995,1.2316413,369.02,0.00189629,0.01835078
369,1.6202504000000002,1.6287732999999998,740.01,0.0061382599999999,0.0231986099999999
370,1.0846869,1.7663508,911.17,0.0305161999999999,0.02767157
371,1.1468709,1.3718549000000002,1220.58,0.00692318,0.0054632
372,1.4388547,1.3791599,382.04,0.0025508199999999,0.0202077599999999
373,1.6184409000000002,1.7127570999999997,241.55,0.00156108,0.0121874
374,1.2766638,1.528603,263.77,0.00138662,0.01215351
375,1.6635318000000003,1.7064467,305.96,0.0011823299999999,0.0185036599999999
376,1.4323506999999998,1.642652,422.49,0.0083554999999999,0.00346805
377,1.4546896,1.1772453,403.36,0.00079369,0.0057417999999999
378,1.3676036000000005,1.6883229999999996,462.14,0.00506931,0.0201459
379,1.6893382999999995,1.6026632,230.57,0.00208719,0.01222558
380,1.0755878,1.3197675000000002,447.1,0.03958141,0.0076512199999999
381,1.2968978999999998,1.9025605000000003,843.13,0.01814812,0.0305145
382,1.1486307,1.1318251,719.48,0.01104851,0.0065264899999999
383,1.2558726999999998,1.2207242,563.18,0.00418827,0.01214163
384,1.5384825,1.4700384,1074.36,0.00065488,0.00227856
385,1.1207418999999996,1.0639381,606.56,0.0279113,0.03423318
386,1.3880758999999998,1.6468815999999995,609.18,0.00515016,0.02158753
387,1.1993832,1.126464,1096.5,0.00883998,0.00668759
388,1.1996848999999998,1.1821214,2288.11,0.00471511,0.01152213
389,1.0819538,1.2990454999999996,583.15,0.03618871,0.0227644999999999
390,1.1094622,1.1191734000000002,507.49,0.00965498,0.0103796999999999
391,1.3971942999999998,1.7960310999999998,291.31,0.0048197199999999,0.0020852699999999
392,1.4454866000000002,1.4216701,1668.8,0.0016662299999999,0.01174217
393,1.1427704,1.3046388000000002,1038.33,0.00440766,0.00737603
394,1.0664288,1.1045413000000002,665.79,0.03990727,0.03497143
395,1.065031,1.0840662,655.72,0.04624228,0.03511768
396,1.2763935,1.3060799,922.4,0.0076513599999999,0.0050239599999999
397,1.6406942,1.7921078000000004,928.64,0.00058168,0.0088700999999999
398,1.271667,1.6710019,511.53,0.0101973599999999,0.0113571399999999
399,1.6646507,1.6888842,394.79,0.00125597,0.0103101299999999
400,1.6342884,1.5232876000000002,790.82,0.00067883,0.00177372
401,1.236051,1.1150216,691.14,0.01172872,0.01379785
402,1.3624855000000002,1.7439452999999998,377.21,0.00789596,0.02149614
403,1.5884858000000002,1.5759363000000002,387.47,0.00070595,0.0038336199999999
404,1.1498324999999998,1.1281928,874.25,0.00350847,0.00707706
405,1.2354375,1.4043955,630.84,0.00368517,0.0176171
406,1.4589492999999998,1.890631,1048.24,0.01956449,0.02398519
407,1.0585201,1.0987047,668.02,0.04008721,0.03045251
408,1.5243662,1.7690527,281.06,0.00122968,0.01551056
409,1.3768437,1.878792,278.58,0.00662167,0.00947176
410,1.0579093999999998,1.2514766,483.25,0.04537101,0.03893226
411,1.1777591,1.1113046999999998,339.07,0.00791863,0.01629337
412,1.4368425,1.1535286,256.03,0.00138576,0.01224858
413,1.7017275,1.7907319,361.22,0.0016325099999999,0.0214354799999999
414,1.1656341,1.1349489,2157.88,0.00354041,0.01360739
415,1.2499326000000002,1.5550651999999996,801.17,0.0065776499999999,0.00276848
416,1.3095728,1.2495617,339.42,0.0053853499999999,0.01055205
417,1.202691,1.4862254,923.81,0.002473,0.0176714999999999
418,1.1512652,1.2287735,679.58,0.00713825,0.01253262
419,1.070509,1.4516664999999995,194.27,0.0289632299999999,0.01947003
420,1.1365875,1.1402592,1028.95,0.01990908,0.02217677
421,1.3725502,1.6803787000000003,168.74,0.00420074,0.0125105499999999
422,1.6244068000000005,1.6796839999999995,544.11,0.00145649,0.01355021
423,1.3358159,1.4932679999999998,692.49,0.00998813,0.02074008
424,1.1630505,1.2295256,291.8,0.0070451199999999,0.0066422799999999
425,1.2952240000000002,1.3604453,540.93,0.00118373,0.00787217
426,1.3978460999999998,1.3661782,1034.39,0.00377088,0.01156274
427,1.1265053000000005,1.4284712,829.42,0.0137500199999999,0.01585352
428,1.2645837,1.1104991,490.97,0.00450036,0.00857267
429,1.181383,1.1450550000000002,759.19,0.0060281599999999,0.0104614
430,1.0638785,1.4041526,859.7,0.0404081799999999,0.03193226
431,1.5471904,1.5250924000000003,450.93,0.0006798599999999,0.00682143
432,1.3531018000000004,1.1525115,597.43,0.00116537,0.00755998
433,1.5898137000000003,1.6456141,1196.46,0.02423184,0.01451523
434,1.1396019000000002,1.2012416,1071.61,0.00818299,0.00679894
435,1.4018788999999998,1.6513655,644.0,0.0004212,0.00651313
436,1.3175705,1.2598321,415.73,0.00441514,0.01004683
437,1.2063358000000002,1.3771932,458.53,0.0137472799999999,0.01516443
438,1.5621992,1.2651173999999998,247.54,0.00202268,0.00405738
439,1.4463988999999997,1.1677437,712.41,0.00119615,0.0153044999999999
440,1.1971547,1.2415724,200.79,0.00518131,0.0070465299999999
441,1.4314374000000003,1.2111556999999995,384.83,0.0005679099999999,0.0066238
442,1.1112774,1.0988894,351.2,0.02343329,0.01985134
443,1.0836123,1.1615436,897.83,0.01958696,0.01124623
444,1.4905716,1.2837198,752.33,0.00076158,0.00317247
445,1.3679736000000005,1.7354959000000003,926.97,0.00634834,0.01002552
446,1.0592117,1.1271216999999998,659.97,0.04193491,0.03620585
447,1.2664958,1.2208106,522.68,0.00100517,0.0150229
448,1.1953389,1.6509938,610.6,0.01987518,0.01640933
449,1.2181079,1.1308689,370.2,0.00467174,0.00970516
450,1.3375029,1.1099138000000002,549.51,0.00217988,0.01340126
451,1.4394270999999998,1.2552382000000002,594.05,0.0007411999999999,0.00510609
452,1.1111334000000002,1.1412456,703.15,0.0168231099999999,0.01610839
453,1.4761012,1.5717253999999996,342.87,0.0006538,0.00548232
454,1.1569132,1.4717866000000002,678.41,0.0110366699999999,0.01619347
455,1.1141711,1.0948864,408.9,0.03685172,0.03276835
456,1.3527838000000003,1.6303511000000004,337.74,0.00712313,0.0060908999999999
457,1.0822841,1.1582702,1042.61,0.02655705,0.0111590099999999
458,1.1202114,1.7047230000000002,910.0,0.03300844,0.03616785
459,1.3633869,1.6249601000000005,309.04,0.00053836,0.0109254499999999
460,1.4568808999999998,1.1422881,552.11,0.00619928,0.01233532
461,1.3260822999999995,1.8050839,802.22,0.01168487,0.01511215
462,1.3809652999999995,1.5866525000000002,172.03,0.0039894699999999,0.0034754699999999
463,1.5287792999999998,1.8048943,946.96,0.00159498,0.03730191
464,1.0900561,1.4989408999999998,710.59,0.00752721,0.01443617
465,1.5858207,1.3793143,747.48,0.00102795,0.01219412
466,1.5341568,1.5270843999999997,426.53,0.00074593,0.00316272
467,1.5920694,1.6606618999999998,304.49,0.00154069,0.02058479
468,1.370857,1.1339801,795.91,0.00237921,0.00941267
469,1.2281319000000002,1.1832388000000005,1064.25,0.0052315899999999,0.0065972999999999
470,1.1306964,1.1243535,1050.02,0.0254392599999999,0.013027
471,1.6194992,1.2281919,253.5,0.0008926899999999,0.0096927
472,1.5264773999999997,1.3643722,526.58,0.00058618,0.00862428
473,1.175862,1.1679822999999998,1066.92,0.03616329,0.02634947
474,1.2370093,1.3015667,407.41,0.0020681499999999,0.00401817
475,1.4508571000000003,1.2961576,442.58,0.00233913,0.00359303
476,1.3888577,1.6578375,796.5,0.00455093,0.0129011399999999
477,1.1327749,1.2282581,362.94,0.0170592,0.01272497
478,1.3823018000000002,1.7486265999999997,328.03,0.00472212,0.00826383
479,1.1986505,1.1179397,644.6,0.00400021,0.0114061499999999
480,1.0924593,1.48613,1364.37,0.0068239599999999,0.01723665
481,1.0788146999999997,1.1196472,677.79,0.0280466899999999,0.01476597
482,1.5526121000000004,1.7498773,447.81,0.00120132,0.0104497299999999
483,1.0811768,1.1340369,573.28,0.04551925,0.03695461
484,1.1744494,1.1089112,357.02,0.0057609099999999,0.01010804
485,1.0667074,1.1120014,279.62,0.04073315,0.0353420699999999
486,1.5677404,1.3693589000000004,338.71,0.00103708,0.00264299
487,1.5455087999999997,1.7547247,459.98,0.00079272,0.00555636
488,1.536368,1.3409058999999997,387.04,0.0013419399999999,0.0070327699999999
489,1.3354763000000005,1.6128591999999995,562.97,0.01343226,0.0239526999999999
490,1.2230416,1.4033396000000002,409.88,0.02503995,0.02771898
491,1.2741078,1.3193155,756.6,0.00084412,0.01941935
492,1.4266467999999997,1.5748318,523.43,0.00119972,0.00573145
493,1.4612646,1.1439942,383.9,0.00583355,0.00518355
494,1.1103487,1.5872628,1463.41,0.0422441,0.02388419
495,1.3730956,1.1176126000000002,240.95,0.0020162199999999,0.01505689
496,1.7952568999999996,1.6327128999999996,872.7,0.02120987,0.01811728
497,1.6133569,1.4973325,612.46,0.0007961,0.0017248799999999
498,1.3375278000000004,1.4242822000000002,897.05,0.00122148,0.00924031
499,1.0839843999999998,1.0932968,546.77,0.0251586099999999,0.0263788299999999
500,1.1746318,1.4862918999999997,625.51,0.00152145,0.01739135
501,1.1041191999999995,1.5882428,1090.78,0.03740852,0.00929172
502,1.1716258,1.4219381999999998,992.07,0.00322661,0.00784687
503,1.0619224,1.2894163999999997,937.32,0.04575304,0.02182969
504,1.4305912999999997,1.2018038000000002,1223.49,0.00102448,0.0072976099999999
505,1.1549241,1.1097688,426.84,0.02941472,0.02952398
506,1.5693095,1.8613222,269.4,0.002628,0.0135019399999999
507,1.1645149,1.1897964,439.47,0.00569848,0.00659696
508,1.5883768,1.5926828000000004,647.94,0.0005909999999999,0.0149835599999999
509,1.4330406999999996,1.6167531999999998,230.38,0.00225432,0.00751406
510,1.2079741999999998,1.2071576,458.52,0.01142313,0.00732052
511,1.5049100999999998,1.3831669999999996,601.81,0.00063725,0.00609057
512,1.1001822000000003,1.3782989000000003,1015.9,0.0255932299999999,0.0045648899999999
513,1.659807,1.9188042,1259.68,0.00129485,0.0358815199999999
514,1.0596537,1.1204161,696.95,0.02688154,0.01747427
515,1.4048158000000002,1.5717737000000005,361.24,0.00283941,0.0249822199999999
516,1.3485760999999998,1.3126019000000002,575.22,0.00958662,0.00870587
517,1.1944536999999995,1.1249274,903.37,0.0034985799999999,0.0175828
518,1.5619519999999998,1.6035480999999998,339.97,0.0028843799999999,0.0017374
519,1.57743,1.4763941999999997,324.16,0.00082991,0.00203443
520,1.2107975,1.5223200999999995,285.99,0.00818422,0.0113750799999999
521,1.1724707,1.0974917999999998,546.65,0.00745291,0.01355688
522,1.4744581,1.6501448,311.42,0.0009553099999999,0.00295384
523,1.45039,1.1413749000000002,701.31,0.00206411,0.00489679
524,1.0532562,1.1638593999999998,992.03,0.03475929,0.02193206
525,1.5370555,1.8850983,363.26,0.00144608,0.0333900599999999
526,1.1970892,1.0718535,604.51,0.00858026,0.01788043
527,1.0549356,1.0946189999999998,846.73,0.04197799,0.03086437
528,1.2054336,1.5814202000000004,369.03,0.01605881,0.03583477
529,1.6591107999999994,1.9547854,734.28,0.011029,0.0161429399999999
530,1.4795295000000002,1.6159312,697.87,0.00388427,0.0110494399999999
531,1.0752855,1.0716418,612.76,0.0317300499999999,0.02757317
532,1.1393095,1.3146884,995.07,0.01066391,0.00556886
533,1.3285522,1.5989941,950.33,0.0053411099999999,0.01226752
534,1.4057926,1.2305045,689.9,0.00075404,0.00929717
535,1.2801284999999998,1.6319395,3272.0,0.0056603,0.0053950799999999
536,1.1551309,1.2170937,876.22,0.0094453699999999,0.01670239
537,1.6624126,1.8607141,608.75,0.00096346,0.0288761199999999
538,1.2742182999999998,1.2032472,859.66,0.01621135,0.00632088
539,1.3294432,1.7075883000000005,846.88,0.00606121,0.00939603
540,1.4670737,1.3692799,614.27,0.00247369,0.0098603199999999
541,1.3518306999999998,1.2851968,662.69,0.0007963,0.01046399
542,1.5969983999999997,1.2981436000000002,230.96,0.00103534,0.01403026
543,1.5019997,1.6137887999999998,513.34,0.00056511,0.00583287
544,1.5573284,1.4348741000000005,675.03,0.00053446,0.00337034
545,1.238179,1.0983768000000005,507.49,0.0063255299999999,0.01023331
546,1.2646189,1.1477073,924.11,0.00303391,0.0149544899999999
547,1.4221078,1.4945864,334.17,0.00125511,0.02036122
548,1.1284133,1.157492,575.47,0.0142757999999999,0.00938432
549,1.5362521,1.7755305999999993,221.89,0.00137824,0.01216399
550,1.6578948,1.5800846,881.47,0.00684764,0.00456583
551,1.2149092,1.5692162999999997,383.33,0.0097180299999999,0.01580299
552,1.0666302,1.0707133,1957.04,0.02082635,0.01967799
553,1.0657421,1.0797694000000002,557.79,0.0414238199999999,0.03479947
554,1.1042107000000003,1.5719886,836.02,0.02360533,0.0300402099999999
555,1.2881189,1.1366498,541.23,0.00162006,0.00478621
556,1.3292364,1.1328587,338.87,0.00310142,0.01190079
557,1.5458627,1.3043963000000005,455.1,0.00064622,0.00486652
558,1.2927448,1.1357657,574.43,0.00257052,0.00447686
559,1.2106361,1.1226302,613.6,0.00388696,0.01035525
560,1.2693363999999998,1.076751,641.53,0.00323369,0.00926406
561,1.3345375000000004,1.1948407,168.82,0.0035911699999999,0.0029529
562,1.110383,1.1668811,715.8,0.0150170399999999,0.01177695
563,1.3085324,1.4211194000000005,285.36,0.00556011,0.01070293
564,1.1316067,1.6764830999999998,330.31,0.00921436,0.00262934
565,1.5945641999999998,1.6919036,649.68,0.0010880199999999,0.00487392
566,1.1656022,1.457687,1269.98,0.01815072,0.0183149
567,1.2020826,1.0816462,318.66,0.0092579699999999,0.01264082
568,1.2623635,1.4676942,163.33,0.00279509,0.00802122
569,1.3006994000000005,1.2926539,838.47,0.0027251399999999,0.01018559
570,1.3730646,1.1596694,907.42,0.00561279,0.01004544
571,1.4555649999999998,1.8405279,1038.91,0.01533064,0.00867169
572,1.194273,1.5545036,857.32,0.00673587,0.00952154
573,1.0448992,1.1203413,1768.73,0.04510237,0.0361772
574,1.5969866,1.4012745999999998,301.52,0.0007949899999999,0.00262947
575,1.3307488,1.5616100999999998,1057.33,0.0012214799999999,0.00386579
576,1.5396838,1.0999828,462.94,0.0013461999999999,0.0075031499999999
577,1.5506515,1.6277111,232.46,0.00335831,0.0117742899999999
578,1.4618744,1.7237646,407.81,0.00204736,0.00701507
579,1.2606413,1.4008301000000003,948.23,0.0032052499999999,0.00341708
580,1.4509759000000002,1.1105061,497.64,0.00259046,0.01349504
581,1.5459572999999998,1.6042847999999998,254.89,0.00304561,0.0012564
582,1.1312055,1.3309930999999997,825.77,0.00903758,0.00566641
583,1.1426916,1.5825693,793.49,0.03399796,0.01522255
584,1.1463487,1.3706862999999998,653.42,0.00536228,0.0066753199999999
585,1.6040429,1.5445458,511.61,0.00201935,0.00271329
586,1.0710166,1.1068687,560.78,0.0438553099999999,0.03587902
587,1.4567770000000002,1.4457081000000005,475.64,0.00085378,0.01429271
588,1.5197222,1.1904003,371.19,0.0006826699999999,0.00354813
589,1.1740389000000002,1.3879151999999997,331.75,0.00284244,0.00603647
590,1.6142262,1.9031004,374.34,0.00109479,0.02649166
591,1.3365132999999998,1.1283591999999998,888.41,0.02767518,0.01302005
592,1.2627786,1.1204045,830.29,0.00587832,0.0128934
593,1.4664099999999995,1.4251922,339.96,0.00112252,0.0170225
594,1.2601377,1.6885704,298.39,0.00781877,0.00510946
595,1.5512579,1.7283479,371.8,0.00069802,0.01923028
596,1.5277732999999998,1.2789435999999998,451.73,0.00131771,0.01826545
597,1.0485644000000005,1.0796998,874.59,0.04416537,0.03131817
598,1.1693285999999998,1.2174018999999998,476.83,0.00668612,0.0105979499999999
599,1.5269323,1.1809605,691.18,0.00115115,0.0051563
600,1.1670911,1.4726821,1083.13,0.0097012,0.0116178499999999
601,1.3005673000000002,1.6910624999999997,1082.63,0.0034139899999999,0.01622997
602,1.1888498,1.2500031,598.77,0.0258743499999999,0.0200398
603,1.4221984000000003,1.4044083,423.59,0.0008594999999999,0.0018581899999999
604,1.4642261000000003,1.728136,838.09,0.0004202399999999,0.01741413
605,1.4805756000000003,1.4374995,353.08,0.00184863,0.0033417
606,1.1882144000000003,1.2474101,913.72,0.03454532,0.02776925
607,1.6593871999999998,1.4210488,365.93,0.00213273,0.00785934
608,1.4887522000000002,1.4413862,500.61,0.00263888,0.0063967
609,1.264169,1.7644057000000004,402.66,0.00313279,0.00177089
610,1.2951704000000002,1.6863669,940.96,0.0022196399999999,0.00661331
611,1.0961549000000002,1.7781476,1925.68,0.00638849,0.0129876699999999
612,1.3495084000000004,1.4180902,408.62,0.0021892699999999,0.00622162
613,1.0834464,1.1384278,425.86,0.03582251,0.03015499
614,1.1439369,1.4420683999999997,544.92,0.02040496,0.01994602
615,1.0855754999999998,1.1622659,1141.0,0.01774556,0.0126955
616,1.2073413,1.3603042000000003,787.61,0.00234741,0.016052
617,1.1667929,1.2992702999999997,519.6,0.0031052399999999,0.01741751
618,1.1001509,1.1912576,1011.81,0.0312620299999999,0.00928481
619,1.5084348999999997,1.2378131,511.54,0.00138527,0.00408748
620,1.3127628000000002,1.1048672000000002,632.64,0.00634534,0.01362175
621,1.5853072,1.7552326,857.0,0.00069914,0.0134996
622,1.2636155,1.9241291,1028.25,0.00891068,0.01661372
623,1.5208048000000003,1.5222733,502.41,0.00348133,0.0020425499999999
624,1.1226182000000002,1.5581891000000003,1307.43,0.00716477,0.0028423
625,1.3341974,1.1063624,875.13,0.00264679,0.01109828
626,1.1287056000000002,1.2596114,789.26,0.0124591999999999,0.0091002
627,1.1602502,1.1455286,651.6,0.00433256,0.0173168699999999
628,1.4272611999999998,1.1681381,822.16,0.00097608,0.0079362
629,1.5166419000000002,1.1528767,385.19,0.00145993,0.0040517
630,1.219991,1.6622934,460.31,0.0069165899999999,0.02638311
631,1.1919348,1.6402980000000005,348.34,0.00839488,0.00510036
632,1.5562691000000002,1.864489,177.5,0.00140864,0.02636176
633,1.3754444,1.2664462,298.04,0.00307883,0.00471711
634,1.0452407,1.1971677,893.98,0.0457104999999999,0.01506033
635,1.2785873,1.0842472,576.91,0.00313615,0.00894118
636,1.08226,1.40376,293.24,0.04286,0.01459
637,1.59593,1.63845,331.63,0.00066,0.00243
638,1.5202,1.22559,919.69,0.00133,0.01624
639,1.1541,1.11087,610.02,0.00858,0.01802
640,1.22026,1.25405,337.82,0.00342,0.01068
641,1.36834,1.50677,516.16,0.01227,0.02429
642,1.15738,1.30803,954.67,0.00521,0.00361
643,1.58928,1.60012,388.6,0.00112,0.00594
644,1.17319,1.80185,429.73,0.01852,0.00168
645,1.53714,1.23425,646.84,0.00106,0.0114
646,1.39549,1.3106,611.38,0.00203,0.00861
647,1.58299,1.81974,707.95,0.00078,0.00807
648,1.55616,1.87308,881.47,0.00138,0.0111
649,1.46841,1.17949,833.13,0.00087,0.00732
650,1.53832,1.8033,1101.03,0.00308,0.00994
651,1.06542,1.07059,1537.64,0.04256,0.03896
